SaleID,Date,ShopID,ProductID,Quantity
1,4/13/2025,3,1,4
2,12/15/2025,6,4,5
3,9/28/2025,1,4,5
4,4/17/2025,5,2,4
5,3/13/2025,5,6,7
6,7/8/2025,5,3,1
7,1/21/2025,6,7,7
8,4/13/2025,5,5,7
9,5/2/2025,2,4,2
10,8/3/2025,4,5,1
11,11/27/2025,4,8,5
12,3/29/2025,6,3,6
13,4/10/2025,2,7,7
14,12/26/2025,3,6,1
15,6/1/2025,3,1,7
16,5/11/2025,5,7,2
17,5/30/2025,1,7,3
18,11/5/2025,3,1,1
19,9/15/2025,1,9,4
20,12/10/2025,4,6,3
21,10/21/2025,1,2,7
22,7/11/2025,4,5,4
23,10/4/2025,2,4,4
24,6/10/2025,2,7,4
25,11/10/2025,6,8,1
26,1/22/2025,6,1,5
27,9/10/2025,5,5,7
28,8/24/2025,3,3,3
29,12/11/2025,5,1,2
30,2/18/2025,4,3,5
31,2/28/2025,5,6,7
32,6/19/2025,1,7,1
33,7/7/2025,4,8,4
34,9/28/2025,6,4,2
35,7/9/2025,2,3,7
36,6/24/2025,6,5,3
37,2/20/2025,3,9,7
38,12/30/2025,4,6,5
39,2/24/2025,4,9,6
40,9/1/2025,1,6,5
41,11/16/2025,3,2,7
42,5/11/2025,2,5,2
43,11/3/2025,4,9,7
44,5/15/2025,4,8,7
45,1/21/2025,1,7,1
46,11/25/2025,5,1,3
47,6/16/2025,2,4,2
48,10/1/2025,6,7,7
49,3/30/2025,3,7,4
50,11/12/2025,4,6,3
51,1/14/2025,4,8,5
52,8/30/2025,6,6,2
53,9/22/2025,2,10,5
54,12/12/2025,5,3,7
55,2/22/2025,4,4,5
56,12/6/2025,2,3,5
57,4/2/2025,6,1,1
58,9/21/2025,1,10,5
59,2/4/2025,5,5,4
60,7/25/2025,3,1,4
61,3/22/2025,4,1,3
62,2/19/2025,2,2,7
63,12/26/2025,1,4,6
64,1/2/2025,3,6,5
65,2/23/2025,2,8,5
66,4/16/2025,2,3,2
67,9/17/2025,3,1,1
68,11/6/2025,1,3,6
69,7/10/2025,6,3,3
70,8/6/2025,1,5,6
71,2/13/2025,5,4,5
72,6/11/2025,4,4,2
73,7/21/2025,3,9,7
74,9/27/2025,6,7,1
75,12/17/2025,3,4,7
76,10/31/2025,3,3,3
77,9/28/2025,1,6,6
78,8/3/2025,4,3,3
79,9/9/2025,5,6,5
80,7/9/2025,2,9,3
81,10/23/2025,2,6,7
82,8/1/2025,3,4,2
83,7/27/2025,4,5,3
84,8/25/2025,6,6,4
85,12/4/2025,1,3,2
86,2/22/2025,4,8,6
87,10/7/2025,4,4,1
88,8/5/2025,1,8,1
89,9/9/2025,3,10,5
90,7/7/2025,4,10,5
91,2/10/2025,2,3,4
92,6/6/2025,1,10,6
93,1/15/2025,6,7,7
94,10/28/2025,5,9,1
95,3/6/2025,3,4,1
96,12/11/2025,1,8,1
97,11/23/2025,5,3,7
98,1/9/2025,5,7,1
99,12/10/2025,6,3,3
100,5/9/2025,4,7,6
101,5/16/2025,6,10,2
102,3/4/2025,4,10,2
103,5/19/2025,4,6,4
104,3/22/2025,1,2,3
105,6/12/2025,1,3,1
106,10/16/2025,3,6,1
107,9/18/2025,4,4,5
108,8/19/2025,5,6,5
109,2/10/2025,2,1,4
110,1/28/2025,3,10,1
111,5/15/2025,1,1,4
112,7/20/2025,6,3,3
113,11/24/2025,3,8,2
114,9/25/2025,3,8,1
115,2/2/2025,3,4,6
116,2/17/2025,3,6,7
117,3/3/2025,2,8,3
118,8/4/2025,6,7,1
119,10/20/2025,6,7,7
120,4/9/2025,6,4,6
121,6/21/2025,4,9,5
122,12/26/2025,5,10,4
123,8/2/2025,6,6,5
124,2/4/2025,3,3,2
125,8/15/2025,3,5,5
126,4/11/2025,6,5,1
127,5/11/2025,6,5,6
128,9/14/2025,3,8,5
129,1/5/2025,4,9,1
130,8/6/2025,1,9,2
131,9/12/2025,1,6,7
132,12/25/2025,6,6,6
133,10/10/2025,2,9,5
134,7/26/2025,6,4,4
135,1/15/2025,6,6,4
136,12/12/2025,1,4,6
137,2/11/2025,3,1,4
138,6/28/2025,6,7,5
139,3/4/2025,3,10,5
140,12/18/2025,3,6,6
141,8/19/2025,2,9,5
142,8/29/2025,3,7,7
143,2/21/2025,1,7,1
144,4/6/2025,4,2,2
145,8/10/2025,4,9,7
146,8/19/2025,5,10,7
147,8/25/2025,6,9,4
148,5/23/2025,1,6,1
149,6/20/2025,3,3,6
150,1/29/2025,4,1,4
151,2/5/2025,1,4,1
152,1/13/2025,4,3,5
153,6/9/2025,3,1,6
154,11/23/2025,4,3,6
155,7/6/2025,6,4,4
156,8/31/2025,6,8,5
157,3/27/2025,5,9,4
158,10/11/2025,5,3,3
159,3/7/2025,4,6,1
160,6/19/2025,1,10,3
161,2/14/2025,6,5,1
162,3/3/2025,1,6,2
163,5/14/2025,1,4,7
164,10/11/2025,4,10,6
165,1/28/2025,1,6,4
166,4/18/2025,6,7,2
167,2/13/2025,3,9,2
168,12/6/2025,5,10,6
169,10/13/2025,3,7,6
170,11/27/2025,1,6,1
171,5/8/2025,3,1,3
172,12/14/2025,6,2,5
173,8/19/2025,6,1,1
174,7/9/2025,1,9,5
175,8/13/2025,4,10,2
176,10/10/2025,3,10,5
177,5/1/2025,4,9,3
178,4/26/2025,4,7,1
179,8/21/2025,2,2,6
180,9/16/2025,1,6,3
181,12/25/2025,5,4,7
182,7/17/2025,6,1,3
183,5/17/2025,6,1,7
184,11/14/2025,1,5,1
185,6/14/2025,5,2,6
186,8/13/2025,6,4,3
187,11/3/2025,1,1,7
188,8/22/2025,6,4,6
189,6/21/2025,4,6,4
190,6/1/2025,3,10,4
191,11/11/2025,3,4,4
192,6/9/2025,6,1,5
193,4/6/2025,2,7,3
194,8/21/2025,5,2,1
195,6/29/2025,5,9,1
196,4/23/2025,5,3,5
197,11/14/2025,4,8,1
198,2/21/2025,5,8,7
199,9/25/2025,3,3,4
200,10/22/2025,4,4,3
201,4/23/2025,1,2,1
202,4/11/2025,5,4,1
203,4/23/2025,5,9,2
204,3/22/2025,1,2,2
205,7/6/2025,5,3,2
206,4/23/2025,1,4,3
207,1/2/2025,4,5,4
208,5/10/2025,3,1,6
209,8/8/2025,1,7,4
210,2/23/2025,2,10,4
211,12/9/2025,1,7,3
212,8/12/2025,5,9,7
213,8/13/2025,4,4,7
214,5/6/2025,6,6,3
215,5/10/2025,4,2,2
216,2/22/2025,6,4,1
217,6/21/2025,1,2,5
218,8/6/2025,3,10,5
219,6/9/2025,2,5,6
220,7/17/2025,4,7,1
221,9/4/2025,5,1,6
222,11/20/2025,6,10,2
223,7/22/2025,5,10,6
224,7/3/2025,3,7,1
225,5/3/2025,6,10,1
226,9/12/2025,4,6,5
227,10/21/2025,1,6,7
228,10/7/2025,5,8,2
229,11/21/2025,3,8,3
230,4/8/2025,4,6,6
231,7/17/2025,4,3,5
232,8/28/2025,4,5,6
233,5/24/2025,4,2,6
234,4/7/2025,6,5,3
235,7/20/2025,4,9,2
236,5/4/2025,5,10,1
237,7/6/2025,3,1,4
238,11/22/2025,6,10,6
239,12/15/2025,4,5,4
240,9/16/2025,2,6,2
241,5/28/2025,2,7,4
242,9/9/2025,3,9,6
243,12/12/2025,1,6,3
244,5/27/2025,1,5,4
245,5/28/2025,6,7,2
246,12/18/2025,6,1,2
247,7/18/2025,6,5,7
248,11/4/2025,1,2,7
249,5/8/2025,2,4,3
250,2/8/2025,1,7,4
251,12/4/2025,5,5,4
252,12/26/2025,4,6,7
253,5/9/2025,6,2,1
254,9/24/2025,2,3,5
255,5/31/2025,3,7,2
256,10/25/2025,3,2,1
257,4/9/2025,4,6,2
258,9/20/2025,2,5,1
259,9/9/2025,1,10,7
260,5/24/2025,1,1,7
261,12/12/2025,5,10,5
262,4/22/2025,5,4,1
263,3/1/2025,1,2,2
264,1/2/2025,3,4,4
265,10/31/2025,6,1,2
266,9/11/2025,3,2,6
267,5/20/2025,5,8,7
268,2/6/2025,4,6,3
269,6/9/2025,1,2,3
270,1/9/2025,5,6,7
271,8/21/2025,5,10,6
272,4/9/2025,6,9,3
273,5/27/2025,1,7,7
274,10/31/2025,6,9,3
275,7/27/2025,1,5,7
276,5/11/2025,6,7,5
277,6/1/2025,3,7,4
278,2/23/2025,4,3,4
279,4/30/2025,4,7,2
280,6/10/2025,1,1,6
281,4/26/2025,2,9,7
282,3/16/2025,5,10,1
283,4/23/2025,5,6,2
284,4/14/2025,1,5,2
285,12/6/2025,6,7,7
286,9/11/2025,2,5,7
287,8/15/2025,3,10,2
288,4/22/2025,6,5,2
289,4/9/2025,6,10,4
290,6/2/2025,1,7,1
291,12/15/2025,1,10,2
292,12/4/2025,5,7,4
293,7/13/2025,1,3,2
294,11/6/2025,1,3,3
295,6/12/2025,1,10,2
296,7/27/2025,5,3,7
297,6/18/2025,3,6,6
298,6/10/2025,3,6,6
299,3/9/2025,1,3,2
300,10/16/2025,5,3,5
301,10/4/2025,3,8,3
302,10/31/2025,6,8,1
303,5/15/2025,3,7,2
304,7/14/2025,3,10,1
305,5/8/2025,5,4,3
306,2/2/2025,6,4,2
307,6/25/2025,5,3,5
308,1/22/2025,1,5,4
309,8/26/2025,4,3,5
310,6/7/2025,3,8,7
311,2/7/2025,4,7,5
312,8/18/2025,5,3,4
313,12/31/2025,5,9,7
314,2/20/2025,5,5,4
315,9/21/2025,4,9,6
316,10/10/2025,5,7,4
317,1/27/2025,1,7,2
318,8/14/2025,5,6,1
319,10/4/2025,2,2,6
320,10/13/2025,4,9,6
321,4/7/2025,2,6,1
322,10/11/2025,5,8,6
323,11/13/2025,1,1,4
324,10/31/2025,3,5,5
325,5/27/2025,6,1,3
326,1/4/2025,6,10,4
327,2/4/2025,5,8,7
328,7/11/2025,1,8,7
329,2/18/2025,4,1,5
330,1/17/2025,2,9,5
331,6/21/2025,2,2,6
332,8/8/2025,2,9,2
333,6/7/2025,4,1,2
334,2/15/2025,6,10,6
335,1/6/2025,1,9,6
336,4/9/2025,4,4,1
337,8/21/2025,2,9,1
338,2/6/2025,5,7,3
339,10/7/2025,3,6,3
340,12/15/2025,4,5,3
341,10/29/2025,4,9,3
342,6/30/2025,1,2,5
343,4/5/2025,1,2,5
344,4/9/2025,4,9,1
345,7/7/2025,2,3,2
346,4/26/2025,3,8,6
347,7/10/2025,1,9,7
348,9/10/2025,2,8,2
349,6/10/2025,5,4,4
350,9/13/2025,1,1,5
351,11/19/2025,2,4,3
352,5/8/2025,2,9,3
353,1/18/2025,3,2,4
354,10/8/2025,3,3,2
355,8/11/2025,5,10,3
356,2/23/2025,2,8,2
357,2/27/2025,6,6,6
358,11/19/2025,2,8,4
359,12/26/2025,3,7,7
360,6/23/2025,6,5,2
361,10/7/2025,1,9,6
362,4/24/2025,1,4,2
363,10/15/2025,4,6,2
364,12/8/2025,3,2,3
365,5/31/2025,4,2,1
366,5/7/2025,6,2,5
367,6/4/2025,3,10,2
368,9/30/2025,5,7,2
369,4/14/2025,2,2,2
370,10/26/2025,5,2,1
371,9/3/2025,6,9,6
372,6/25/2025,3,7,7
373,2/8/2025,6,3,7
374,6/19/2025,2,3,4
375,9/4/2025,1,7,3
376,1/26/2025,1,5,1
377,12/21/2025,6,10,6
378,11/2/2025,4,6,2
379,1/13/2025,3,8,6
380,11/12/2025,3,9,1
381,11/9/2025,1,1,1
382,2/5/2025,5,3,1
383,6/22/2025,2,7,4
384,1/20/2025,5,6,5
385,11/17/2025,5,7,3
386,9/21/2025,6,8,4
387,5/22/2025,1,6,4
388,5/23/2025,1,3,5
389,4/2/2025,1,2,4
390,12/20/2025,6,7,1
391,11/18/2025,4,1,1
392,10/15/2025,5,3,6
393,8/3/2025,6,4,2
394,12/8/2025,3,1,4
395,2/20/2025,2,5,2
396,6/2/2025,4,10,3
397,7/5/2025,3,3,7
398,3/4/2025,5,2,1
399,7/9/2025,1,3,6
400,5/5/2025,5,8,3
401,5/30/2025,6,6,6
402,11/10/2025,2,7,7
403,2/27/2025,6,6,7
404,12/8/2025,4,6,5
405,11/1/2025,4,3,1
406,6/29/2025,2,8,3
407,6/19/2025,3,7,5
408,11/22/2025,3,7,7
409,9/28/2025,4,6,3
410,2/23/2025,4,5,6
411,4/11/2025,1,10,5
412,9/21/2025,3,8,5
413,2/22/2025,2,5,1
414,3/1/2025,3,9,2
415,4/18/2025,1,9,6
416,1/5/2025,6,1,6
417,4/13/2025,4,6,5
418,7/15/2025,4,7,5
419,9/19/2025,1,3,1
420,12/31/2025,2,7,2
421,12/16/2025,4,7,6
422,2/16/2025,5,2,7
423,12/21/2025,4,7,4
424,11/7/2025,5,1,4
425,11/4/2025,1,5,2
426,5/24/2025,1,9,3
427,9/26/2025,4,7,1
428,5/4/2025,3,7,2
429,4/16/2025,5,2,4
430,6/7/2025,2,8,5
431,5/27/2025,4,3,4
432,5/25/2025,2,8,5
433,4/30/2025,4,3,1
434,11/15/2025,3,10,5
435,10/2/2025,3,7,2
436,4/2/2025,3,2,5
437,2/27/2025,6,4,3
438,12/12/2025,3,6,2
439,8/17/2025,1,9,1
440,4/27/2025,1,5,2
441,11/14/2025,6,9,3
442,10/6/2025,5,5,1
443,5/7/2025,2,10,4
444,5/9/2025,4,8,3
445,2/27/2025,4,1,1
446,5/2/2025,6,7,7
447,1/1/2025,1,4,5
448,8/27/2025,4,5,2
449,10/17/2025,1,6,1
450,4/6/2025,5,5,2
451,5/6/2025,2,1,5
452,4/28/2025,5,9,1
453,2/17/2025,6,2,4
454,3/30/2025,3,9,7
455,8/25/2025,3,10,7
456,9/29/2025,3,2,3
457,7/8/2025,5,9,1
458,7/11/2025,4,6,5
459,3/10/2025,2,9,1
460,10/5/2025,3,6,2
461,12/15/2025,6,6,6
462,9/4/2025,6,2,1
463,3/17/2025,3,8,7
464,6/3/2025,3,3,7
465,5/24/2025,2,7,7
466,3/27/2025,3,5,4
467,7/4/2025,2,3,1
468,10/12/2025,6,1,3
469,8/8/2025,3,8,1
470,3/10/2025,5,3,6
471,2/16/2025,5,2,7
472,4/4/2025,6,1,2
473,8/26/2025,2,4,7
474,7/23/2025,5,8,1
475,8/6/2025,2,3,4
476,12/7/2025,5,1,5
477,2/8/2025,5,4,1
478,4/10/2025,2,9,1
479,10/16/2025,4,1,3
480,9/11/2025,5,2,4
481,8/10/2025,3,9,6
482,12/23/2025,6,2,5
483,1/23/2025,4,3,7
484,9/7/2025,2,7,2
485,1/10/2025,4,3,1
486,9/3/2025,1,9,6
487,11/21/2025,1,6,5
488,4/10/2025,5,3,2
489,10/17/2025,5,9,6
490,6/29/2025,3,1,4
491,8/11/2025,6,10,4
492,9/7/2025,4,3,5
493,5/27/2025,1,1,7
494,4/6/2025,5,2,2
495,9/14/2025,6,8,4
496,11/21/2025,4,7,5
497,1/4/2025,5,2,4
498,1/16/2025,5,2,4
499,10/7/2025,1,9,6
500,12/2/2025,1,6,6
501,9/4/2025,5,5,4
502,9/15/2025,2,10,3
503,6/9/2025,5,6,6
504,12/6/2025,6,9,2
505,6/1/2025,5,7,5
506,6/27/2025,3,10,5
507,6/12/2025,3,10,7
508,2/2/2025,3,9,2
509,6/28/2025,2,4,2
510,4/11/2025,2,2,2
511,9/25/2025,5,8,7
512,11/19/2025,3,4,2
513,3/6/2025,2,9,1
514,6/17/2025,1,4,7
515,11/26/2025,5,8,5
516,2/12/2025,6,9,1
517,2/13/2025,4,9,7
518,10/12/2025,5,10,4
519,1/12/2025,4,4,4
520,4/5/2025,3,1,5
521,10/29/2025,4,3,4
522,9/10/2025,3,9,2
523,8/30/2025,1,4,7
524,2/4/2025,4,5,1
525,8/3/2025,5,7,2
526,12/3/2025,3,5,4
527,3/31/2025,5,4,6
528,9/21/2025,2,2,1
529,4/3/2025,3,2,2
530,3/31/2025,4,4,7
531,4/25/2025,3,10,5
532,4/15/2025,5,10,2
533,7/15/2025,1,9,6
534,11/10/2025,3,8,4
535,4/24/2025,4,3,1
536,3/16/2025,2,9,5
537,8/5/2025,6,5,1
538,10/4/2025,1,3,5
539,9/6/2025,2,5,7
540,6/13/2025,3,10,1
541,12/23/2025,5,4,4
542,7/11/2025,5,8,7
543,8/15/2025,4,5,7
544,6/26/2025,5,10,5
545,4/9/2025,1,8,3
546,2/5/2025,5,9,1
547,4/6/2025,4,4,1
548,6/1/2025,6,7,2
549,5/31/2025,3,2,5
550,7/9/2025,3,6,6
551,8/12/2025,5,8,3
552,2/6/2025,2,7,4
553,9/25/2025,3,7,2
554,7/2/2025,6,8,3
555,1/13/2025,5,7,5
556,10/6/2025,4,5,3
557,8/5/2025,6,7,7
558,12/21/2025,5,10,1
559,12/27/2025,6,3,7
560,10/13/2025,3,5,1
561,9/30/2025,4,7,2
562,3/3/2025,5,9,5
563,3/25/2025,1,2,5
564,8/5/2025,4,4,3
565,12/8/2025,1,7,2
566,7/6/2025,6,1,5
567,1/19/2025,2,2,6
568,6/26/2025,4,9,6
569,4/10/2025,6,10,7
570,8/21/2025,1,7,1
571,3/17/2025,3,10,3
572,9/22/2025,3,7,4
573,10/11/2025,2,6,1
574,7/25/2025,4,3,2
575,8/11/2025,4,10,5
576,2/21/2025,4,3,1
577,12/5/2025,6,2,4
578,5/24/2025,2,6,4
579,3/10/2025,4,4,6
580,4/9/2025,6,5,2
581,1/25/2025,3,3,1
582,2/22/2025,1,6,3
583,5/31/2025,6,3,1
584,5/24/2025,3,8,6
585,2/26/2025,3,9,7
586,2/8/2025,1,4,4
587,4/19/2025,3,9,2
588,6/30/2025,2,7,2
589,2/11/2025,1,3,3
590,7/5/2025,3,7,2
591,8/11/2025,5,1,6
592,5/2/2025,6,3,6
593,5/13/2025,3,6,6
594,6/12/2025,2,4,2
595,8/3/2025,4,7,2
596,8/9/2025,3,3,6
597,8/23/2025,4,1,2
598,11/27/2025,5,9,2
599,5/26/2025,3,6,4
600,8/27/2025,1,8,1
601,3/17/2025,4,3,5
602,1/9/2025,5,8,2
603,3/15/2025,1,2,5
604,9/10/2025,1,4,7
605,8/18/2025,1,3,5
606,1/7/2025,1,10,4
607,6/23/2025,3,1,2
608,5/21/2025,6,7,6
609,6/17/2025,3,10,5
610,6/19/2025,3,2,2
611,10/10/2025,5,4,3
612,5/2/2025,5,9,7
613,7/13/2025,6,6,6
614,1/5/2025,5,8,3
615,1/29/2025,2,2,3
616,6/14/2025,6,7,5
617,12/5/2025,5,6,3
618,5/16/2025,6,9,4
619,12/31/2025,3,7,4
620,11/17/2025,3,1,5
621,12/8/2025,6,8,2
622,5/25/2025,2,10,1
623,11/23/2025,2,3,2
624,8/5/2025,6,2,2
625,10/28/2025,5,3,2
626,5/12/2025,4,6,2
627,10/19/2025,2,3,6
628,3/11/2025,1,10,1
629,9/9/2025,3,5,6
630,10/2/2025,6,6,3
631,12/30/2025,1,8,7
632,7/1/2025,6,7,2
633,6/16/2025,3,8,7
634,4/1/2025,3,3,4
635,7/21/2025,2,4,5
636,12/12/2025,2,6,5
637,1/19/2025,1,7,6
638,2/8/2025,6,9,6
639,5/6/2025,3,1,4
640,6/22/2025,1,8,2
641,5/21/2025,4,8,7
642,8/30/2025,1,6,7
643,8/8/2025,5,4,1
644,5/6/2025,1,3,3
645,2/27/2025,5,3,5
646,5/28/2025,5,6,3
647,11/13/2025,5,8,1
648,12/27/2025,4,7,6
649,1/1/2025,1,1,7
650,12/14/2025,1,6,5
651,7/9/2025,4,7,3
652,7/10/2025,3,7,6
653,11/8/2025,2,9,1
654,4/27/2025,1,10,3
655,5/14/2025,2,5,7
656,2/27/2025,6,1,2
657,2/13/2025,6,2,6
658,6/22/2025,4,4,1
659,6/9/2025,6,5,3
660,6/22/2025,6,9,7
661,11/13/2025,3,1,2
662,10/30/2025,3,3,2
663,5/29/2025,3,5,1
664,3/21/2025,6,3,4
665,8/1/2025,4,4,7
666,7/22/2025,5,3,7
667,9/9/2025,5,4,5
668,8/17/2025,2,1,1
669,6/13/2025,5,8,2
670,8/15/2025,5,4,2
671,5/27/2025,3,7,1
672,1/20/2025,3,2,4
673,2/16/2025,6,2,5
674,8/21/2025,2,6,3
675,11/1/2025,1,2,1
676,1/14/2025,2,6,5
677,5/23/2025,2,2,7
678,1/1/2025,4,4,5
679,2/23/2025,6,7,6
680,9/16/2025,4,8,2
681,5/24/2025,2,3,3
682,1/12/2025,2,9,1
683,11/26/2025,2,2,2
684,8/12/2025,5,8,6
685,9/29/2025,4,8,6
686,12/24/2025,2,4,2
687,6/5/2025,3,1,4
688,1/8/2025,6,1,5
689,5/2/2025,6,2,1
690,12/14/2025,3,9,1
691,6/13/2025,6,2,1
692,3/31/2025,5,2,2
693,5/16/2025,5,6,7
694,7/5/2025,1,7,4
695,11/12/2025,1,7,3
696,6/27/2025,1,9,6
697,1/28/2025,6,6,2
698,8/8/2025,5,8,7
699,12/23/2025,5,6,3
700,2/10/2025,5,2,6
701,8/16/2025,3,1,6
702,7/11/2025,5,5,4
703,5/25/2025,3,9,5
704,7/20/2025,1,8,1
705,7/31/2025,1,4,3
706,8/8/2025,6,5,2
707,8/28/2025,1,5,3
708,2/15/2025,6,6,5
709,2/4/2025,2,3,1
710,9/10/2025,2,5,3
711,3/23/2025,4,2,5
712,9/13/2025,6,10,2
713,7/16/2025,4,1,4
714,10/30/2025,4,1,7
715,1/10/2025,2,10,6
716,11/8/2025,6,7,2
717,10/13/2025,2,2,1
718,8/30/2025,4,4,6
719,9/8/2025,6,5,7
720,12/31/2025,4,7,2
721,1/5/2025,5,2,2
722,4/29/2025,6,6,2
723,10/16/2025,6,1,2
724,3/6/2025,4,7,6
725,5/26/2025,5,9,1
726,8/12/2025,3,5,7
727,8/27/2025,2,5,5
728,6/26/2025,4,4,3
729,9/24/2025,6,3,4
730,12/7/2025,2,9,7
731,10/9/2025,2,5,3
732,3/4/2025,2,8,3
733,8/5/2025,3,9,4
734,12/8/2025,1,5,7
735,11/11/2025,4,10,6
736,10/10/2025,1,9,1
737,6/26/2025,1,2,4
738,4/8/2025,1,9,1
739,4/15/2025,2,4,6
740,4/9/2025,5,6,3
741,11/7/2025,2,6,1
742,1/6/2025,2,6,6
743,7/16/2025,6,2,6
744,12/17/2025,6,7,5
745,5/13/2025,1,6,4
746,12/24/2025,2,1,5
747,9/16/2025,1,2,3
748,1/23/2025,6,7,4
749,2/22/2025,5,1,3
750,6/14/2025,4,1,5
751,7/21/2025,1,1,7
752,3/24/2025,5,8,6
753,5/25/2025,4,4,3
754,3/26/2025,3,4,4
755,3/19/2025,1,2,4
756,1/1/2025,1,1,3
757,2/20/2025,3,10,4
758,6/22/2025,3,9,6
759,7/24/2025,1,7,7
760,9/17/2025,3,4,6
761,10/15/2025,2,6,4
762,2/3/2025,4,2,3
763,12/14/2025,4,7,5
764,4/5/2025,4,2,4
765,3/13/2025,2,10,4
766,2/8/2025,3,8,4
767,6/3/2025,5,8,4
768,9/7/2025,3,1,3
769,6/11/2025,1,8,5
770,4/28/2025,6,2,5
771,9/16/2025,4,6,1
772,11/2/2025,3,1,4
773,9/25/2025,5,5,4
774,2/23/2025,1,7,1
775,8/24/2025,2,10,5
776,8/10/2025,2,1,2
777,9/8/2025,5,2,6
778,11/9/2025,1,7,2
779,4/22/2025,4,6,5
780,9/12/2025,3,3,7
781,10/30/2025,1,10,4
782,7/26/2025,2,2,2
783,8/17/2025,5,10,3
784,12/7/2025,5,4,3
785,3/7/2025,3,3,1
786,3/16/2025,5,7,5
787,4/13/2025,5,8,5
788,7/11/2025,1,2,2
789,9/9/2025,4,10,4
790,8/14/2025,3,7,5
791,10/21/2025,1,8,2
792,11/2/2025,4,6,2
793,4/8/2025,1,6,6
794,12/4/2025,6,10,6
795,10/13/2025,1,1,5
796,12/1/2025,5,4,2
797,12/13/2025,4,1,1
798,11/4/2025,3,4,1
799,9/6/2025,3,2,6
800,6/15/2025,4,5,5
801,12/1/2025,5,10,4
802,1/30/2025,2,9,7
803,9/4/2025,1,10,1
804,4/16/2025,5,3,1
805,2/20/2025,6,8,6
806,3/22/2025,4,3,6
807,5/13/2025,1,6,5
808,10/12/2025,3,4,6
809,5/18/2025,2,8,3
810,7/3/2025,6,6,7
811,11/26/2025,3,8,2
812,9/30/2025,4,1,1
813,12/6/2025,1,6,3
814,3/10/2025,4,1,4
815,2/3/2025,1,1,3
816,9/19/2025,5,8,5
817,2/22/2025,2,7,4
818,7/24/2025,5,3,4
819,5/6/2025,5,6,6
820,8/23/2025,4,9,3
821,2/12/2025,2,7,5
822,8/28/2025,1,3,1
823,4/21/2025,1,6,7
824,9/6/2025,6,4,6
825,5/31/2025,3,3,3
826,7/2/2025,6,9,1
827,12/2/2025,6,10,3
828,4/5/2025,1,2,6
829,1/8/2025,4,1,1
830,12/26/2025,5,2,6
831,7/3/2025,5,7,3
832,10/8/2025,5,10,4
833,7/14/2025,2,1,7
834,12/18/2025,1,6,2
835,7/14/2025,4,7,7
836,6/4/2025,2,9,4
837,4/3/2025,3,8,6
838,6/9/2025,4,6,7
839,3/2/2025,6,3,6
840,5/2/2025,4,8,6
841,2/20/2025,4,7,1
842,10/4/2025,5,3,5
843,1/5/2025,4,9,6
844,4/2/2025,6,2,7
845,6/19/2025,6,3,7
846,11/13/2025,1,2,7
847,1/22/2025,4,1,4
848,11/22/2025,5,4,2
849,1/1/2025,4,5,6
850,5/13/2025,3,6,6
851,8/21/2025,3,5,6
852,1/12/2025,5,1,1
853,12/12/2025,1,3,6
854,2/15/2025,1,1,4
855,2/3/2025,6,5,3
856,3/19/2025,6,5,5
857,8/6/2025,2,6,7
858,10/28/2025,5,8,6
859,3/14/2025,4,10,1
860,10/9/2025,5,1,4
861,9/6/2025,2,4,6
862,2/16/2025,6,10,1
863,5/1/2025,5,1,3
864,8/2/2025,5,9,2
865,8/27/2025,6,7,6
866,2/25/2025,2,7,4
867,12/16/2025,6,5,1
868,4/17/2025,1,7,1
869,11/15/2025,4,2,6
870,2/17/2025,6,4,1
871,3/2/2025,2,7,2
872,12/3/2025,3,3,1
873,1/26/2025,1,2,7
874,10/19/2025,3,10,5
875,9/14/2025,6,2,7
876,1/8/2025,1,1,5
877,4/23/2025,4,5,1
878,12/21/2025,6,6,6
879,9/10/2025,4,6,5
880,6/29/2025,5,9,4
881,7/26/2025,3,4,5
882,10/30/2025,1,1,7
883,5/7/2025,4,6,1
884,2/25/2025,2,5,6
885,8/2/2025,4,10,3
886,1/14/2025,2,6,6
887,1/28/2025,6,3,6
888,3/19/2025,1,2,6
889,8/4/2025,4,6,4
890,12/31/2025,4,1,2
891,6/3/2025,1,7,7
892,1/14/2025,4,7,1
893,7/6/2025,2,10,2
894,11/8/2025,4,7,3
895,1/7/2025,3,10,2
896,1/3/2025,6,1,1
897,4/21/2025,5,4,7
898,8/26/2025,2,7,7
899,12/29/2025,3,9,1
900,8/27/2025,6,5,3
901,10/1/2025,1,2,1
902,10/21/2025,2,7,3
903,8/15/2025,5,10,3
904,1/15/2025,6,1,1
905,7/11/2025,5,7,5
906,4/29/2025,1,6,7
907,1/28/2025,1,7,3
908,7/21/2025,2,10,1
909,2/8/2025,4,3,5
910,9/30/2025,1,3,7
911,8/19/2025,6,7,3
912,3/27/2025,4,2,7
913,5/6/2025,3,1,5
914,10/27/2025,5,9,7
915,1/25/2025,4,9,4
916,5/25/2025,5,7,6
917,1/13/2025,4,7,4
918,7/31/2025,3,3,5
919,1/25/2025,1,10,3
920,3/9/2025,3,2,1
921,3/8/2025,1,7,2
922,8/21/2025,1,9,1
923,4/19/2025,5,1,7
924,5/26/2025,6,4,2
925,4/21/2025,3,6,2
926,8/16/2025,4,7,7
927,4/21/2025,3,10,7
928,2/3/2025,5,7,3
929,4/21/2025,1,10,5
930,9/21/2025,5,2,1
931,8/24/2025,2,4,5
932,3/24/2025,2,5,4
933,2/11/2025,4,1,3
934,4/11/2025,5,1,3
935,1/6/2025,4,10,4
936,6/29/2025,4,3,1
937,10/9/2025,2,10,6
938,11/16/2025,4,3,4
939,8/14/2025,2,8,1
940,11/11/2025,1,9,2
941,12/31/2025,5,1,7
942,8/17/2025,4,2,3
943,10/16/2025,2,10,1
944,5/30/2025,3,2,5
945,10/4/2025,4,4,7
946,7/17/2025,6,2,5
947,3/11/2025,1,7,7
948,4/22/2025,1,9,3
949,1/4/2025,3,7,4
950,12/16/2025,2,6,6
951,11/27/2025,4,10,4
952,11/14/2025,2,1,1
953,12/16/2025,1,10,4
954,4/5/2025,2,9,3
955,6/1/2025,1,5,1
956,11/7/2025,2,5,2
957,5/17/2025,3,6,4
958,9/4/2025,5,9,4
959,8/31/2025,3,8,6
960,1/31/2025,3,8,1
961,2/9/2025,5,8,5
962,8/17/2025,5,1,4
963,2/5/2025,4,1,3
964,8/11/2025,4,8,4
965,1/6/2025,3,5,6
966,11/18/2025,3,9,2
967,8/8/2025,1,2,6
968,3/16/2025,1,9,4
969,1/4/2025,4,8,5
970,12/1/2025,6,9,7
971,5/14/2025,6,4,4
972,4/28/2025,4,1,1
973,4/4/2025,1,1,4
974,3/3/2025,1,5,5
975,7/13/2025,6,2,1
976,12/1/2025,2,8,3
977,7/22/2025,2,10,1
978,1/26/2025,1,5,6
979,6/22/2025,2,5,2
980,10/27/2025,5,2,6
981,5/13/2025,4,7,7
982,11/22/2025,4,8,1
983,4/28/2025,1,10,3
984,11/20/2025,3,1,4
985,10/2/2025,6,2,1
986,7/31/2025,1,10,6
987,8/13/2025,2,4,1
988,1/20/2025,6,5,1
989,4/23/2025,3,2,1
990,5/20/2025,2,1,3
991,2/16/2025,5,9,5
992,1/1/2025,2,1,5
993,3/31/2025,5,4,1
994,5/22/2025,6,2,3
995,11/16/2025,5,4,3
996,2/7/2025,6,8,7
997,10/20/2025,6,8,1
998,5/19/2025,6,9,6
999,12/22/2025,6,5,6
1000,11/29/2025,6,7,2
1001,9/16/2025,2,3,1
1002,6/10/2025,6,10,2
1003,6/27/2025,2,4,6
1004,1/10/2025,6,10,6
1005,9/18/2025,5,9,1
1006,5/18/2025,6,10,2
1007,6/21/2025,3,10,2
1008,1/13/2025,6,1,1
1009,6/17/2025,6,2,7
1010,5/10/2025,5,5,2
1011,3/25/2025,4,3,7
1012,11/17/2025,5,2,4
1013,11/15/2025,3,1,6
1014,4/11/2025,4,10,5
1015,11/25/2025,1,3,7
1016,9/30/2025,1,1,7
1017,9/22/2025,3,1,7
1018,2/7/2025,5,1,3
1019,4/4/2025,2,8,2
1020,4/5/2025,3,3,2
1021,11/1/2025,4,1,3
1022,3/10/2025,4,7,2
1023,11/14/2025,6,10,3
1024,8/24/2025,1,3,7
1025,11/30/2025,4,8,1
1026,5/17/2025,3,4,4
1027,3/17/2025,4,4,7
1028,2/4/2025,3,5,4
1029,1/1/2025,2,6,6
1030,10/23/2025,6,7,7
1031,11/16/2025,1,4,5
1032,3/1/2025,4,8,2
1033,11/16/2025,3,6,5
1034,12/15/2025,5,1,1
1035,11/24/2025,1,1,4
1036,9/24/2025,2,9,7
1037,12/27/2025,3,10,1
1038,8/17/2025,6,6,1
1039,9/27/2025,6,10,2
1040,11/12/2025,2,8,1
1041,10/13/2025,2,7,7
1042,10/18/2025,6,6,7
1043,8/1/2025,4,4,4
1044,6/14/2025,4,7,7
1045,1/5/2025,3,9,5
1046,12/5/2025,5,10,4
1047,3/19/2025,3,10,2
1048,3/3/2025,5,7,4
1049,5/12/2025,2,1,3
1050,3/30/2025,1,10,5
1051,8/25/2025,3,9,3
1052,2/11/2025,3,4,3
1053,3/30/2025,5,3,6
1054,10/23/2025,2,4,7
1055,11/24/2025,2,4,2
1056,10/22/2025,5,10,1
1057,4/14/2025,2,2,3
1058,1/14/2025,6,1,4
1059,10/15/2025,4,10,1
1060,6/28/2025,6,1,4
1061,5/5/2025,1,8,4
1062,12/19/2025,3,2,1
1063,1/23/2025,1,10,1
1064,3/4/2025,3,5,7
1065,5/23/2025,4,4,4
1066,6/2/2025,2,8,2
1067,5/25/2025,6,2,7
1068,8/13/2025,5,10,5
1069,11/5/2025,6,9,6
1070,4/14/2025,4,7,5
1071,4/14/2025,1,7,2
1072,2/8/2025,5,1,7
1073,7/17/2025,2,2,6
1074,5/14/2025,4,4,7
1075,3/8/2025,5,4,1
1076,6/28/2025,4,3,6
1077,2/11/2025,4,7,4
1078,1/15/2025,2,8,5
1079,4/21/2025,3,2,6
1080,6/6/2025,5,4,4
1081,10/16/2025,2,3,7
1082,8/19/2025,4,2,2
1083,6/6/2025,2,6,6
1084,2/7/2025,3,4,4
1085,4/7/2025,6,6,7
1086,10/16/2025,5,2,7
1087,9/11/2025,3,4,7
1088,7/15/2025,1,6,2
1089,3/27/2025,5,5,1
1090,11/18/2025,3,3,2
1091,1/10/2025,4,8,2
1092,1/5/2025,5,7,5
1093,5/3/2025,5,3,7
1094,11/26/2025,2,6,4
1095,12/19/2025,4,4,6
1096,4/28/2025,1,5,5
1097,10/21/2025,6,5,7
1098,6/8/2025,3,7,3
1099,10/30/2025,2,5,2
1100,8/16/2025,3,3,3
1101,12/31/2025,1,10,7
1102,8/4/2025,1,5,5
1103,7/3/2025,5,7,4
1104,1/15/2025,1,5,5
1105,6/6/2025,3,5,4
1106,5/16/2025,4,9,4
1107,9/18/2025,4,3,7
1108,6/6/2025,5,6,1
1109,2/16/2025,6,1,7
1110,11/20/2025,3,10,2
1111,11/28/2025,3,5,5
1112,6/22/2025,1,8,4
1113,5/10/2025,3,5,7
1114,4/5/2025,2,9,7
1115,4/25/2025,6,6,5
1116,8/31/2025,1,8,5
1117,10/19/2025,2,10,4
1118,10/9/2025,5,8,6
1119,10/26/2025,4,3,3
1120,10/10/2025,5,7,2
1121,3/10/2025,4,7,2
1122,5/28/2025,5,10,6
1123,1/11/2025,3,6,1
1124,9/11/2025,2,7,6
1125,11/26/2025,4,2,1
1126,12/26/2025,1,9,1
1127,2/7/2025,2,10,6
1128,5/14/2025,1,10,2
1129,7/19/2025,2,1,3
1130,1/23/2025,2,1,2
1131,10/30/2025,5,3,7
1132,12/12/2025,4,3,2
1133,10/29/2025,4,1,2
1134,12/29/2025,2,7,6
1135,8/6/2025,3,4,6
1136,5/21/2025,3,10,7
1137,4/14/2025,1,2,7
1138,7/29/2025,1,10,6
1139,4/21/2025,5,5,2
1140,4/14/2025,2,6,3
1141,11/12/2025,1,9,1
1142,6/20/2025,1,4,5
1143,12/22/2025,6,2,1
1144,11/20/2025,2,5,7
1145,5/13/2025,5,3,7
1146,10/20/2025,1,2,1
1147,11/24/2025,5,1,5
1148,5/7/2025,4,10,2
1149,4/16/2025,5,2,3
1150,4/2/2025,3,6,3
1151,10/14/2025,3,8,1
1152,2/20/2025,5,3,5
1153,1/29/2025,3,9,7
1154,10/23/2025,4,9,4
1155,10/24/2025,2,2,2
1156,8/2/2025,3,8,1
1157,9/24/2025,3,10,3
1158,9/14/2025,5,5,7
1159,10/29/2025,4,4,6
1160,4/11/2025,2,10,6
1161,12/12/2025,5,5,5
1162,4/20/2025,5,4,5
1163,7/1/2025,6,8,1
1164,11/9/2025,4,4,4
1165,1/1/2025,2,10,3
1166,11/15/2025,4,6,1
1167,2/24/2025,2,2,4
1168,5/29/2025,4,5,7
1169,11/5/2025,5,6,5
1170,5/17/2025,5,5,6
1171,7/21/2025,1,2,2
1172,11/9/2025,3,7,7
1173,4/27/2025,6,4,6
1174,6/3/2025,4,8,3
1175,10/18/2025,6,7,3
1176,3/4/2025,1,7,6
1177,9/1/2025,3,9,7
1178,1/25/2025,4,1,6
1179,3/31/2025,2,10,4
1180,3/16/2025,3,6,1
1181,10/21/2025,5,6,5
1182,7/29/2025,1,6,4
1183,12/13/2025,3,6,2
1184,1/17/2025,3,10,6
1185,5/8/2025,5,7,2
1186,12/30/2025,4,10,2
1187,9/8/2025,2,6,4
1188,6/28/2025,5,1,5
1189,7/1/2025,2,3,7
1190,6/1/2025,4,2,3
1191,1/25/2025,3,6,1
1192,6/29/2025,2,8,3
1193,7/17/2025,1,3,5
1194,12/10/2025,1,10,3
1195,6/10/2025,5,8,6
1196,6/26/2025,4,8,6
1197,10/12/2025,5,5,4
1198,3/4/2025,5,8,2
1199,5/30/2025,6,6,5
1200,6/3/2025,5,5,5
1201,6/5/2025,6,9,3
1202,2/18/2025,1,7,4
1203,12/3/2025,1,8,3
1204,3/25/2025,5,1,3
1205,12/27/2025,1,2,5
1206,6/26/2025,4,8,3
1207,5/28/2025,6,9,2
1208,4/28/2025,6,4,3
1209,12/8/2025,5,10,2
1210,3/4/2025,1,10,5
1211,7/8/2025,2,9,4
1212,12/26/2025,6,4,6
1213,2/18/2025,5,10,2
1214,11/23/2025,5,10,4
1215,9/14/2025,4,10,4
1216,8/12/2025,3,9,2
1217,5/21/2025,3,7,5
1218,8/3/2025,6,2,1
1219,7/30/2025,4,9,4
1220,11/14/2025,4,4,4
1221,2/1/2025,4,8,5
1222,6/7/2025,6,7,5
1223,10/12/2025,3,7,3
1224,11/1/2025,4,8,5
1225,10/13/2025,1,1,4
1226,5/24/2025,5,5,2
1227,1/19/2025,5,2,1
1228,1/18/2025,2,2,7
1229,9/14/2025,2,1,3
1230,3/19/2025,6,5,7
1231,6/24/2025,6,2,2
1232,7/13/2025,5,4,1
1233,4/23/2025,1,3,1
1234,4/24/2025,3,3,1
1235,8/10/2025,3,2,6
1236,6/15/2025,6,6,2
1237,11/15/2025,1,2,3
1238,5/12/2025,6,8,3
1239,9/21/2025,3,8,1
1240,2/24/2025,6,5,2
1241,12/25/2025,4,10,6
1242,5/11/2025,6,7,1
1243,10/15/2025,5,4,5
1244,9/23/2025,6,1,7
1245,6/11/2025,5,2,3
1246,3/28/2025,1,10,7
1247,2/24/2025,3,10,4
1248,10/15/2025,2,4,1
1249,6/27/2025,2,1,5
1250,12/15/2025,3,8,3
1251,1/8/2025,2,9,7
1252,11/17/2025,6,4,6
1253,11/9/2025,1,10,2
1254,9/4/2025,1,3,3
1255,11/19/2025,3,2,7
1256,9/12/2025,2,5,2
1257,11/24/2025,6,3,7
1258,2/23/2025,1,10,2
1259,9/6/2025,1,7,6
1260,8/27/2025,4,6,6
1261,8/17/2025,4,1,1
1262,3/8/2025,1,8,1
1263,2/20/2025,3,2,3
1264,4/7/2025,5,5,6
1265,4/2/2025,5,9,5
1266,9/21/2025,6,8,7
1267,10/18/2025,1,2,7
1268,4/6/2025,1,9,7
1269,3/29/2025,1,5,3
1270,3/19/2025,3,10,7
1271,10/15/2025,4,6,4
1272,4/30/2025,1,3,2
1273,10/29/2025,1,3,7
1274,6/14/2025,2,10,2
1275,7/1/2025,3,8,1
1276,8/11/2025,6,10,7
1277,11/7/2025,1,10,5
1278,1/7/2025,2,2,6
1279,11/26/2025,5,2,6
1280,9/20/2025,6,5,1
1281,6/10/2025,1,6,4
1282,5/31/2025,1,2,3
1283,3/26/2025,2,5,3
1284,5/27/2025,3,7,5
1285,4/22/2025,1,10,1
1286,2/5/2025,5,10,1
1287,10/12/2025,1,8,4
1288,7/7/2025,5,7,7
1289,3/23/2025,6,8,3
1290,1/2/2025,6,9,7
1291,10/30/2025,4,5,1
1292,7/16/2025,4,5,7
1293,1/11/2025,5,10,6
1294,8/22/2025,3,4,5
1295,7/14/2025,1,9,3
1296,4/29/2025,1,5,4
1297,1/20/2025,4,2,5
1298,9/18/2025,5,10,2
1299,10/20/2025,1,8,6
1300,9/13/2025,1,7,4
1301,8/10/2025,3,8,5
1302,8/14/2025,2,3,1
1303,2/22/2025,4,4,2
1304,12/21/2025,4,5,4
1305,12/8/2025,2,6,1
1306,12/30/2025,1,1,6
1307,10/7/2025,3,4,2
1308,3/22/2025,3,10,3
1309,7/21/2025,4,5,1
1310,6/7/2025,3,7,5
1311,4/30/2025,6,5,7
1312,2/28/2025,2,1,4
1313,8/3/2025,1,7,2
1314,5/8/2025,6,8,1
1315,8/12/2025,2,7,3
1316,7/28/2025,5,4,7
1317,4/25/2025,4,8,4
1318,7/28/2025,3,5,4
1319,1/14/2025,5,10,1
1320,1/9/2025,3,9,3
1321,2/9/2025,6,10,6
1322,8/25/2025,1,5,7
1323,10/8/2025,1,1,6
1324,12/25/2025,1,9,2
1325,7/20/2025,3,5,1
1326,9/3/2025,5,6,7
1327,10/5/2025,1,4,2
1328,8/23/2025,5,6,6
1329,1/4/2025,3,8,7
1330,6/3/2025,6,3,4
1331,1/29/2025,5,5,2
1332,4/19/2025,6,2,3
1333,4/8/2025,3,2,5
1334,8/3/2025,3,7,6
1335,10/20/2025,4,10,6
1336,3/16/2025,3,10,3
1337,11/22/2025,3,10,7
1338,5/26/2025,2,6,7
1339,5/8/2025,1,4,7
1340,12/7/2025,4,5,2
1341,2/11/2025,4,1,1
1342,12/22/2025,4,7,4
1343,2/10/2025,2,8,5
1344,2/3/2025,6,9,1
1345,1/17/2025,3,8,1
1346,6/14/2025,1,5,3
1347,6/2/2025,5,3,2
1348,3/17/2025,6,10,6
1349,3/28/2025,3,9,6
1350,4/27/2025,2,6,3
1351,12/28/2025,3,5,2
1352,12/8/2025,3,3,3
1353,1/27/2025,2,6,6
1354,11/9/2025,4,3,1
1355,10/14/2025,4,10,4
1356,5/14/2025,1,6,7
1357,8/7/2025,1,4,2
1358,6/17/2025,4,2,5
1359,4/8/2025,6,8,5
1360,9/25/2025,5,4,1
1361,8/25/2025,3,9,3
1362,11/5/2025,5,7,3
1363,6/22/2025,3,2,6
1364,7/9/2025,4,4,1
1365,5/2/2025,1,5,6
1366,2/15/2025,6,3,6
1367,3/5/2025,1,9,5
1368,5/10/2025,5,5,6
1369,11/6/2025,1,2,7
1370,12/29/2025,4,3,6
1371,7/12/2025,6,9,5
1372,11/3/2025,5,7,7
1373,6/30/2025,6,2,3
1374,10/19/2025,3,9,2
1375,10/9/2025,1,4,4
1376,1/29/2025,6,9,6
1377,5/29/2025,2,2,7
1378,9/24/2025,1,10,2
1379,10/23/2025,3,4,5
1380,1/11/2025,6,5,2
1381,6/13/2025,5,2,4
1382,4/23/2025,3,10,2
1383,7/6/2025,2,1,7
1384,10/22/2025,6,7,2
1385,8/20/2025,4,10,2
1386,8/15/2025,1,1,2
1387,11/6/2025,5,8,1
1388,4/8/2025,4,3,6
1389,2/24/2025,6,10,5
1390,4/21/2025,6,6,4
1391,6/1/2025,3,7,5
1392,9/3/2025,6,10,1
1393,3/10/2025,5,1,1
1394,11/8/2025,4,6,7
1395,10/16/2025,5,7,1
1396,9/7/2025,2,6,6
1397,2/5/2025,2,4,1
1398,8/27/2025,1,1,2
1399,5/28/2025,1,9,5
1400,8/15/2025,2,4,3
1401,9/1/2025,6,7,4
1402,12/3/2025,5,7,1
1403,12/31/2025,2,2,5
1404,7/20/2025,1,1,7
1405,6/3/2025,2,8,1
1406,3/14/2025,6,8,6
1407,7/20/2025,2,7,1
1408,10/23/2025,5,8,1
1409,1/17/2025,4,3,1
1410,5/9/2025,6,2,7
1411,8/5/2025,1,7,1
1412,3/2/2025,5,8,4
1413,4/14/2025,2,1,5
1414,2/11/2025,2,10,6
1415,1/25/2025,4,9,1
1416,2/8/2025,1,4,1
1417,10/18/2025,1,4,1
1418,5/11/2025,3,3,1
1419,8/17/2025,1,6,2
1420,4/18/2025,4,1,2
1421,6/21/2025,3,6,3
1422,4/12/2025,3,2,1
1423,12/20/2025,2,9,3
1424,1/12/2025,2,2,4
1425,10/2/2025,1,7,3
1426,4/11/2025,3,1,5
1427,2/13/2025,2,7,2
1428,11/1/2025,4,5,2
1429,1/17/2025,2,8,1
1430,11/26/2025,6,4,1
1431,2/26/2025,6,10,4
1432,11/7/2025,2,7,6
1433,10/30/2025,3,6,4
1434,1/12/2025,3,5,5
1435,11/14/2025,5,4,1
1436,3/21/2025,6,7,1
1437,8/4/2025,4,5,4
1438,12/5/2025,3,5,4
1439,9/21/2025,1,1,4
1440,5/29/2025,6,2,2
1441,3/22/2025,4,5,3
1442,8/3/2025,4,3,3
1443,7/17/2025,3,2,1
1444,7/19/2025,4,4,2
1445,1/25/2025,3,4,4
1446,3/30/2025,2,4,1
1447,9/25/2025,6,4,2
1448,5/23/2025,5,3,5
1449,2/28/2025,2,7,6
1450,12/31/2025,6,9,2
1451,1/26/2025,3,5,7
1452,2/16/2025,6,4,1
1453,10/15/2025,3,2,3
1454,9/23/2025,2,2,7
1455,1/16/2025,1,5,4
1456,7/18/2025,1,7,6
1457,10/9/2025,6,10,5
1458,3/27/2025,1,10,6
1459,9/7/2025,3,9,6
1460,9/27/2025,4,7,2
1461,12/1/2025,3,5,1
1462,4/27/2025,4,10,1
1463,1/7/2025,2,10,6
1464,5/17/2025,5,10,4
1465,6/25/2025,4,6,1
1466,11/24/2025,1,3,6
1467,11/11/2025,3,5,1
1468,8/3/2025,2,8,4
1469,3/23/2025,1,1,5
1470,8/11/2025,2,1,7
1471,4/13/2025,5,7,6
1472,9/30/2025,3,5,3
1473,1/14/2025,6,5,3
1474,6/8/2025,3,1,6
1475,6/1/2025,5,9,2
1476,4/18/2025,3,1,5
1477,7/7/2025,6,5,2
1478,10/28/2025,4,10,7
1479,4/8/2025,2,9,3
1480,5/11/2025,6,4,4
1481,10/20/2025,1,8,6
1482,6/20/2025,5,6,7
1483,7/2/2025,4,3,1
1484,12/30/2025,1,4,3
1485,2/8/2025,1,2,5
1486,1/15/2025,5,1,3
1487,1/4/2025,4,8,5
1488,12/15/2025,1,1,5
1489,7/29/2025,1,1,6
1490,6/10/2025,4,4,5
1491,1/16/2025,3,10,2
1492,4/18/2025,1,10,7
1493,11/7/2025,2,6,4
1494,8/15/2025,4,9,3
1495,6/19/2025,1,1,4
1496,2/3/2025,5,7,7
1497,9/8/2025,6,10,1
1498,9/4/2025,2,5,7
1499,9/26/2025,6,8,3
1500,5/21/2025,6,7,4
1501,10/1/2025,1,4,4
1502,4/6/2025,2,4,6
1503,8/15/2025,2,6,6
1504,2/8/2025,3,6,7
1505,10/29/2025,6,9,7
1506,1/29/2025,2,5,1
1507,11/14/2025,3,8,5
1508,9/2/2025,4,5,3
1509,8/24/2025,3,2,6
1510,7/4/2025,5,6,3
1511,9/29/2025,1,9,1
1512,8/24/2025,4,3,6
1513,8/27/2025,4,1,6
1514,9/23/2025,5,1,5
1515,12/25/2025,3,3,3
1516,12/6/2025,1,10,3
1517,3/6/2025,3,5,3
1518,6/26/2025,2,3,5
1519,1/3/2025,3,9,6
1520,5/22/2025,4,8,1
1521,6/7/2025,1,3,3
1522,11/20/2025,3,9,4
1523,5/26/2025,1,6,5
1524,10/20/2025,1,7,2
1525,6/2/2025,2,4,1
1526,7/12/2025,2,4,4
1527,3/14/2025,4,2,3
1528,11/1/2025,5,5,2
1529,12/10/2025,1,8,1
1530,5/20/2025,5,7,5
1531,7/6/2025,4,7,2
1532,10/20/2025,1,6,6
1533,3/2/2025,1,3,7
1534,7/17/2025,6,5,2
1535,10/22/2025,5,1,7
1536,11/15/2025,3,7,4
1537,10/29/2025,2,9,1
1538,12/10/2025,3,1,4
1539,1/11/2025,5,2,4
1540,3/3/2025,2,3,3
1541,11/29/2025,3,3,5
1542,8/14/2025,6,8,2
1543,6/2/2025,2,7,1
1544,7/18/2025,1,6,6
1545,2/21/2025,3,10,5
1546,9/17/2025,2,10,5
1547,2/28/2025,6,4,1
1548,3/13/2025,2,9,5
1549,5/28/2025,2,1,3
1550,12/15/2025,6,2,5
1551,3/4/2025,3,4,3
1552,11/6/2025,4,3,2
1553,8/31/2025,3,1,2
1554,11/26/2025,5,5,4
1555,4/17/2025,6,7,3
1556,8/14/2025,3,2,6
1557,11/9/2025,2,5,2
1558,8/6/2025,6,6,5
1559,8/29/2025,1,7,1
1560,9/16/2025,3,1,1
1561,9/19/2025,6,7,7
1562,1/5/2025,3,4,3
1563,9/18/2025,6,8,6
1564,2/23/2025,2,4,4
1565,2/16/2025,1,6,5
1566,8/3/2025,1,9,3
1567,6/26/2025,5,5,7
1568,1/9/2025,6,4,1
1569,4/9/2025,3,8,3
1570,1/20/2025,1,9,5
1571,8/29/2025,1,4,6
1572,3/2/2025,4,3,6
1573,6/27/2025,4,8,2
1574,12/4/2025,1,5,5
1575,3/3/2025,6,2,7
1576,5/25/2025,5,10,2
1577,8/4/2025,1,9,2
1578,1/3/2025,2,3,2
1579,6/9/2025,3,2,3
1580,8/15/2025,5,1,7
1581,9/26/2025,2,8,1
1582,4/30/2025,5,3,6
1583,3/30/2025,2,7,3
1584,11/25/2025,3,1,1
1585,3/9/2025,3,1,6
1586,12/23/2025,4,9,7
1587,4/8/2025,6,8,7
1588,9/24/2025,2,3,5
1589,4/15/2025,4,6,6
1590,11/19/2025,2,3,6
1591,5/3/2025,4,4,7
1592,1/29/2025,3,1,6
1593,5/17/2025,5,5,4
1594,7/14/2025,4,1,5
1595,8/14/2025,2,1,3
1596,11/28/2025,2,10,3
1597,6/19/2025,6,7,1
1598,1/9/2025,3,6,3
1599,2/9/2025,2,2,2
1600,1/25/2025,1,2,6
1601,9/18/2025,5,7,3
1602,8/14/2025,4,1,1
1603,5/4/2025,6,2,1
1604,2/7/2025,5,8,2
1605,11/24/2025,3,6,1
1606,9/8/2025,6,2,7
1607,6/25/2025,4,7,4
1608,3/31/2025,4,4,7
1609,2/6/2025,1,2,6
1610,11/12/2025,3,6,6
1611,6/25/2025,6,9,6
1612,10/11/2025,6,9,5
1613,3/22/2025,2,8,3
1614,4/24/2025,1,3,4
1615,2/9/2025,1,3,3
1616,10/28/2025,6,2,4
1617,8/12/2025,6,5,3
1618,11/14/2025,5,4,2
1619,12/15/2025,5,7,7
1620,4/25/2025,5,4,1
1621,7/5/2025,1,9,1
1622,11/19/2025,2,2,7
1623,2/25/2025,4,6,2
1624,2/9/2025,5,7,4
1625,12/20/2025,2,4,7
1626,2/9/2025,3,6,5
1627,12/13/2025,5,7,4
1628,8/25/2025,4,4,1
1629,10/16/2025,3,8,5
1630,9/19/2025,3,9,3
1631,8/4/2025,4,1,5
1632,5/27/2025,5,7,4
1633,12/2/2025,1,9,2
1634,6/17/2025,4,10,3
1635,4/2/2025,4,5,4
1636,12/19/2025,4,2,3
1637,2/28/2025,3,10,5
1638,2/28/2025,2,6,1
1639,10/31/2025,1,7,4
1640,6/18/2025,5,2,2
1641,9/26/2025,5,2,7
1642,12/29/2025,2,10,5
1643,2/14/2025,4,10,4
1644,12/11/2025,1,1,2
1645,6/30/2025,5,4,4
1646,6/19/2025,6,7,5
1647,12/22/2025,5,9,4
1648,7/10/2025,4,3,3
1649,6/4/2025,6,7,5
1650,7/7/2025,2,7,4
1651,1/7/2025,1,7,7
1652,5/13/2025,2,2,1
1653,8/23/2025,2,6,4
1654,2/14/2025,1,2,3
1655,11/10/2025,1,6,2
1656,9/6/2025,5,10,7
1657,1/31/2025,5,3,2
1658,1/23/2025,1,2,7
1659,6/9/2025,6,6,2
1660,12/29/2025,3,2,1
1661,6/7/2025,5,5,3
1662,2/8/2025,3,2,5
1663,3/23/2025,6,3,2
1664,12/22/2025,1,3,7
1665,9/15/2025,6,6,3
1666,7/25/2025,5,6,4
1667,3/18/2025,2,10,1
1668,1/12/2025,1,3,3
1669,10/22/2025,4,3,3
1670,8/12/2025,3,1,5
1671,1/13/2025,6,7,3
1672,2/15/2025,1,8,5
1673,6/4/2025,6,2,1
1674,4/23/2025,1,4,1
1675,8/21/2025,5,10,4
1676,1/17/2025,5,7,5
1677,12/26/2025,5,8,5
1678,8/11/2025,6,1,2
1679,12/20/2025,4,4,2
1680,7/7/2025,5,6,4
1681,12/10/2025,1,3,1
1682,12/31/2025,5,5,6
1683,6/12/2025,2,10,2
1684,11/22/2025,5,9,3
1685,3/15/2025,6,3,1
1686,8/21/2025,4,5,6
1687,8/12/2025,2,8,3
1688,11/15/2025,6,6,7
1689,3/1/2025,6,4,5
1690,12/1/2025,6,8,1
1691,8/10/2025,1,3,7
1692,2/6/2025,6,3,4
1693,10/5/2025,1,4,5
1694,7/15/2025,6,9,5
1695,12/18/2025,3,5,3
1696,8/30/2025,2,8,7
1697,11/20/2025,3,6,5
1698,8/7/2025,6,3,2
1699,7/11/2025,2,8,1
1700,1/17/2025,2,9,2
1701,1/12/2025,4,8,3
1702,7/12/2025,3,4,6
1703,1/22/2025,4,6,3
1704,4/30/2025,2,1,1
1705,7/29/2025,1,4,5
1706,11/2/2025,2,8,7
1707,9/27/2025,4,1,7
1708,7/11/2025,3,3,4
1709,6/24/2025,6,1,3
1710,10/12/2025,6,9,1
1711,7/23/2025,3,2,4
1712,6/13/2025,6,9,5
1713,9/8/2025,6,4,6
1714,8/15/2025,4,2,3
1715,1/7/2025,3,4,6
1716,1/29/2025,5,10,1
1717,2/2/2025,1,6,6
1718,5/14/2025,1,7,6
1719,3/20/2025,6,3,1
1720,2/27/2025,1,3,1
1721,1/26/2025,3,10,3
1722,8/14/2025,3,8,6
1723,10/12/2025,2,5,4
1724,1/4/2025,2,4,1
1725,4/9/2025,1,7,5
1726,2/8/2025,5,7,6
1727,9/28/2025,2,9,1
1728,10/12/2025,2,9,4
1729,6/6/2025,3,5,7
1730,3/16/2025,5,8,3
1731,10/15/2025,6,10,6
1732,5/10/2025,1,1,7
1733,6/24/2025,2,9,1
1734,3/25/2025,5,8,1
1735,1/22/2025,5,6,5
1736,1/27/2025,1,3,5
1737,7/14/2025,5,3,6
1738,12/3/2025,5,8,7
1739,8/24/2025,5,5,7
1740,4/2/2025,2,10,1
1741,1/21/2025,1,7,6
1742,10/30/2025,5,5,1
1743,12/23/2025,5,8,5
1744,3/25/2025,2,10,4
1745,9/19/2025,1,10,2
1746,5/27/2025,3,4,2
1747,9/14/2025,2,2,1
1748,2/27/2025,1,3,7
1749,1/15/2025,5,8,5
1750,6/11/2025,1,7,3
1751,6/12/2025,1,2,3
1752,11/16/2025,6,6,2
1753,10/8/2025,1,9,4
1754,10/7/2025,3,4,2
1755,1/12/2025,1,9,1
1756,10/1/2025,3,2,4
1757,9/28/2025,5,2,3
1758,7/27/2025,3,9,7
1759,1/27/2025,5,7,5
1760,3/13/2025,5,7,5
1761,3/1/2025,3,1,1
1762,5/25/2025,2,6,2
1763,4/3/2025,4,7,1
1764,11/5/2025,1,6,5
1765,1/8/2025,6,6,3
1766,3/20/2025,4,2,5
1767,1/27/2025,1,6,4
1768,6/23/2025,1,4,7
1769,2/19/2025,5,9,7
1770,7/18/2025,1,1,6
1771,12/15/2025,6,8,5
1772,6/30/2025,1,5,5
1773,1/24/2025,3,1,7
1774,11/12/2025,4,4,6
1775,2/15/2025,3,1,4
1776,1/15/2025,6,6,2
1777,6/2/2025,1,2,5
1778,8/10/2025,6,5,7
1779,7/25/2025,5,7,1
1780,9/30/2025,3,2,5
1781,8/24/2025,3,6,1
1782,12/6/2025,2,6,4
1783,8/16/2025,1,5,5
1784,1/9/2025,5,5,7
1785,6/15/2025,3,3,4
1786,11/15/2025,3,10,4
1787,8/2/2025,5,10,2
1788,4/27/2025,6,2,5
1789,12/10/2025,6,7,1
1790,3/13/2025,1,1,1
1791,3/5/2025,2,6,5
1792,7/24/2025,3,6,6
1793,7/28/2025,2,3,2
1794,3/13/2025,6,2,2
1795,10/4/2025,6,2,2
1796,10/1/2025,4,9,1
1797,11/16/2025,1,5,4
1798,12/4/2025,4,7,7
1799,4/5/2025,4,5,6
1800,6/15/2025,4,7,2
1801,2/1/2025,1,4,1
1802,1/11/2025,1,8,1
1803,10/28/2025,5,10,4
1804,8/5/2025,2,10,5
1805,10/16/2025,2,7,5
1806,4/12/2025,5,10,7
1807,9/24/2025,5,5,7
1808,8/2/2025,6,6,2
1809,6/28/2025,4,5,7
1810,3/29/2025,5,7,2
1811,2/10/2025,3,2,6
1812,3/17/2025,2,5,7
1813,2/15/2025,5,10,4
1814,6/9/2025,3,3,2
1815,3/21/2025,3,9,4
1816,11/6/2025,3,6,1
1817,3/27/2025,6,10,2
1818,4/2/2025,6,3,1
1819,5/28/2025,3,7,3
1820,6/10/2025,6,4,4
1821,7/21/2025,4,3,3
1822,8/30/2025,3,8,2
1823,12/19/2025,4,4,1
1824,1/2/2025,4,1,2
1825,8/13/2025,3,6,3
1826,10/16/2025,2,10,2
1827,8/21/2025,3,1,6
1828,3/18/2025,3,5,5
1829,4/26/2025,6,7,3
1830,6/3/2025,3,6,2
1831,4/13/2025,2,2,1
1832,7/13/2025,6,4,2
1833,6/15/2025,1,2,1
1834,12/25/2025,1,1,5
1835,3/31/2025,4,3,2
1836,6/23/2025,4,3,7
1837,5/2/2025,2,7,7
1838,5/23/2025,5,1,5
1839,4/16/2025,1,9,3
1840,11/1/2025,4,6,1
1841,12/26/2025,1,4,7
1842,11/13/2025,2,3,6
1843,5/3/2025,2,3,3
1844,1/9/2025,5,2,1
1845,9/19/2025,5,2,5
1846,3/14/2025,6,10,7
1847,12/25/2025,2,5,4
1848,8/11/2025,4,9,2
1849,2/10/2025,1,2,5
1850,7/23/2025,3,2,1
1851,9/21/2025,5,6,1
1852,11/24/2025,3,10,1
1853,6/27/2025,4,2,1
1854,12/14/2025,5,4,2
1855,11/14/2025,3,6,3
1856,3/25/2025,4,5,6
1857,11/14/2025,1,1,4
1858,4/21/2025,4,6,2
1859,9/8/2025,6,1,1
1860,1/7/2025,5,3,2
1861,3/25/2025,2,10,5
1862,7/27/2025,1,5,6
1863,11/10/2025,3,10,1
1864,1/22/2025,5,5,4
1865,1/3/2025,2,10,1
1866,5/7/2025,4,6,6
1867,10/24/2025,2,10,4
1868,7/7/2025,5,8,6
1869,12/28/2025,5,5,4
1870,1/14/2025,6,1,3
1871,1/12/2025,6,5,7
1872,3/28/2025,2,3,3
1873,1/12/2025,4,4,2
1874,1/25/2025,2,8,2
1875,10/28/2025,5,7,4
1876,8/31/2025,5,5,1
1877,5/2/2025,3,2,7
1878,5/27/2025,6,6,5
1879,2/24/2025,3,6,5
1880,8/26/2025,1,10,1
1881,12/22/2025,5,10,1
1882,6/22/2025,3,6,3
1883,8/9/2025,2,9,5
1884,4/29/2025,6,8,4
1885,11/5/2025,6,8,6
1886,7/2/2025,4,1,2
1887,10/15/2025,2,5,6
1888,11/3/2025,4,7,3
1889,10/27/2025,3,6,5
1890,3/23/2025,1,5,7
1891,7/30/2025,2,8,1
1892,5/30/2025,2,3,7
1893,2/6/2025,2,6,7
1894,12/18/2025,4,5,5
1895,11/8/2025,3,8,4
1896,12/27/2025,2,4,3
1897,2/28/2025,2,8,1
1898,5/11/2025,6,10,6
1899,7/21/2025,1,2,4
1900,8/31/2025,6,9,6
1901,2/4/2025,6,9,2
1902,4/3/2025,1,10,3
1903,7/26/2025,3,10,4
1904,12/19/2025,6,6,4
1905,11/28/2025,3,4,6
1906,11/1/2025,6,4,1
1907,12/16/2025,5,6,2
1908,8/1/2025,1,5,6
1909,6/8/2025,6,6,4
1910,1/24/2025,5,7,3
1911,10/20/2025,4,7,4
1912,1/4/2025,5,9,5
1913,8/8/2025,2,8,3
1914,12/30/2025,6,6,3
1915,1/20/2025,5,6,4
1916,6/1/2025,3,5,1
1917,2/19/2025,4,1,3
1918,6/26/2025,6,9,5
1919,4/6/2025,2,9,6
1920,4/15/2025,5,9,1
1921,9/7/2025,4,8,1
1922,4/27/2025,6,10,1
1923,12/20/2025,4,3,3
1924,8/16/2025,2,1,1
1925,3/7/2025,5,8,4
1926,12/1/2025,4,7,1
1927,9/19/2025,4,5,5
1928,10/22/2025,1,10,2
1929,8/31/2025,4,7,5
1930,7/5/2025,1,10,3
1931,9/3/2025,5,4,1
1932,5/5/2025,6,9,1
1933,9/25/2025,6,10,4
1934,5/11/2025,5,2,6
1935,8/25/2025,5,9,1
1936,1/18/2025,3,9,7
1937,2/9/2025,5,5,5
1938,1/21/2025,4,1,3
1939,8/13/2025,6,7,2
1940,12/21/2025,2,10,1
1941,10/9/2025,6,10,2
1942,1/8/2025,1,4,1
1943,4/10/2025,6,9,3
1944,8/28/2025,3,6,6
1945,3/28/2025,5,3,5
1946,10/25/2025,5,6,3
1947,1/14/2025,6,10,2
1948,11/30/2025,2,6,1
1949,1/2/2025,2,5,2
1950,10/20/2025,3,2,5
1951,11/21/2025,1,10,7
1952,2/10/2025,6,10,3
1953,11/14/2025,5,2,2
1954,11/12/2025,6,7,2
1955,4/21/2025,3,2,5
1956,1/14/2025,4,6,7
1957,8/19/2025,4,5,1
1958,3/25/2025,3,4,7
1959,5/10/2025,5,7,2
1960,8/19/2025,3,8,5
1961,11/22/2025,5,4,1
1962,5/25/2025,2,1,7
1963,12/11/2025,3,1,7
1964,1/28/2025,5,1,7
1965,3/7/2025,3,1,6
1966,6/12/2025,3,5,1
1967,8/17/2025,5,4,7
1968,9/18/2025,5,9,6
1969,6/13/2025,1,3,3
1970,10/28/2025,3,7,5
1971,10/30/2025,4,8,7
1972,10/14/2025,3,6,1
1973,1/10/2025,3,10,6
1974,7/14/2025,5,1,6
1975,4/28/2025,3,8,3
1976,9/27/2025,6,10,4
1977,3/21/2025,3,3,5
1978,4/3/2025,6,8,4
1979,9/23/2025,4,4,1
1980,11/28/2025,5,8,5
1981,12/16/2025,3,1,3
1982,12/27/2025,6,3,1
1983,9/14/2025,6,6,5
1984,5/13/2025,6,9,5
1985,10/3/2025,2,2,4
1986,9/21/2025,1,1,1
1987,6/20/2025,4,10,3
1988,1/1/2025,3,3,3
1989,11/9/2025,2,4,1
1990,3/5/2025,3,5,1
1991,10/11/2025,3,3,6
1992,5/1/2025,5,10,2
1993,4/17/2025,5,2,4
1994,6/24/2025,5,2,1
1995,7/23/2025,2,7,1
1996,6/14/2025,3,9,2
1997,11/1/2025,1,10,2
1998,4/30/2025,4,2,5
1999,2/13/2025,5,7,7
2000,11/8/2025,5,7,3
2001,6/5/2025,3,7,4
2002,7/26/2025,3,3,5
2003,4/18/2025,2,7,1
2004,9/8/2025,2,1,2
2005,11/30/2025,5,10,6
2006,5/10/2025,3,1,3
2007,10/20/2025,1,5,5
2008,1/20/2025,4,2,6
2009,10/9/2025,3,9,3
2010,10/12/2025,3,7,7
2011,1/1/2025,6,4,7
2012,4/29/2025,2,4,6
2013,2/4/2025,4,2,2
2014,7/17/2025,5,5,5
2015,9/2/2025,3,4,5
2016,2/28/2025,5,1,7
2017,11/21/2025,3,8,3
2018,6/10/2025,5,3,6
2019,6/28/2025,4,6,2
2020,7/25/2025,2,4,1
2021,1/12/2025,4,9,5
2022,10/3/2025,6,7,1
2023,6/30/2025,1,9,2
2024,8/30/2025,2,10,7
2025,8/4/2025,4,3,5
2026,9/8/2025,6,1,5
2027,10/26/2025,1,5,6
2028,5/6/2025,6,3,1
2029,8/5/2025,3,6,7
2030,11/2/2025,3,8,6
2031,10/12/2025,5,4,4
2032,7/4/2025,2,5,1
2033,2/8/2025,3,5,1
2034,8/11/2025,6,4,4
2035,7/3/2025,2,4,2
2036,6/27/2025,3,4,2
2037,10/21/2025,5,4,5
2038,12/6/2025,4,4,3
2039,5/31/2025,5,5,6
2040,5/6/2025,1,2,3
2041,10/28/2025,3,2,5
2042,11/4/2025,1,9,3
2043,12/2/2025,1,2,1
2044,8/22/2025,6,6,1
2045,1/8/2025,2,2,4
2046,12/7/2025,6,5,4
2047,5/9/2025,3,4,5
2048,9/21/2025,1,7,5
2049,6/6/2025,4,7,7
2050,12/18/2025,1,6,5
2051,12/24/2025,4,10,1
2052,1/5/2025,6,5,3
2053,3/27/2025,6,1,6
2054,6/24/2025,2,3,7
2055,10/17/2025,1,9,7
2056,7/12/2025,5,1,7
2057,11/7/2025,6,5,5
2058,4/29/2025,6,2,5
2059,8/6/2025,2,4,1
2060,4/24/2025,4,1,6
2061,5/25/2025,2,3,1
2062,1/26/2025,1,10,6
2063,5/16/2025,3,7,1
2064,10/30/2025,3,10,3
2065,8/20/2025,4,3,5
2066,3/17/2025,6,4,2
2067,11/24/2025,4,2,2
2068,12/11/2025,6,3,5
2069,10/29/2025,6,9,7
2070,10/16/2025,3,3,5
2071,1/1/2025,4,5,5
2072,5/27/2025,2,2,5
2073,10/14/2025,6,4,7
2074,5/22/2025,5,7,6
2075,2/22/2025,5,7,3
2076,10/31/2025,2,3,2
2077,3/10/2025,5,5,4
2078,12/27/2025,1,1,2
2079,3/31/2025,6,10,2
2080,8/8/2025,2,10,7
2081,7/11/2025,4,10,1
2082,3/4/2025,6,1,5
2083,3/14/2025,2,5,5
2084,6/10/2025,3,10,5
2085,6/18/2025,4,9,1
2086,3/30/2025,3,1,7
2087,6/25/2025,6,1,3
2088,9/26/2025,4,4,3
2089,3/14/2025,5,4,7
2090,9/2/2025,2,2,4
2091,3/18/2025,6,9,3
2092,6/8/2025,1,9,7
2093,11/20/2025,4,2,3
2094,4/8/2025,4,9,5
2095,4/12/2025,6,6,6
2096,5/12/2025,6,8,7
2097,4/12/2025,3,10,2
2098,1/19/2025,5,4,3
2099,3/23/2025,3,2,3
2100,10/6/2025,3,2,1
2101,12/5/2025,5,9,4
2102,12/31/2025,1,1,6
2103,11/27/2025,3,7,1
2104,5/9/2025,3,3,5
2105,12/10/2025,4,3,2
2106,11/6/2025,5,2,4
2107,3/30/2025,2,10,1
2108,8/1/2025,1,6,7
2109,5/23/2025,1,10,3
2110,3/6/2025,5,2,3
2111,3/17/2025,6,10,4
2112,7/18/2025,6,4,3
2113,5/23/2025,4,10,7
2114,11/12/2025,4,9,1
2115,4/3/2025,5,9,1
2116,11/1/2025,4,6,3
2117,8/12/2025,1,4,3
2118,10/18/2025,1,7,5
2119,4/12/2025,2,1,2
2120,9/24/2025,6,4,4
2121,12/21/2025,5,5,1
2122,4/20/2025,3,8,4
2123,11/26/2025,6,2,5
2124,9/22/2025,3,5,1
2125,1/3/2025,2,6,5
2126,3/26/2025,2,5,5
2127,10/9/2025,4,9,6
2128,11/24/2025,2,10,3
2129,10/31/2025,2,1,7
2130,4/27/2025,3,3,6
2131,8/9/2025,4,2,4
2132,6/3/2025,2,3,7
2133,6/2/2025,6,10,4
2134,1/12/2025,2,9,3
2135,5/13/2025,4,9,7
2136,10/31/2025,5,10,6
2137,10/20/2025,4,2,4
2138,10/27/2025,3,3,6
2139,8/16/2025,5,4,3
2140,9/28/2025,6,9,7
2141,2/12/2025,1,3,7
2142,12/9/2025,4,7,1
2143,11/22/2025,3,3,5
2144,10/29/2025,6,7,5
2145,12/30/2025,5,7,6
2146,1/21/2025,6,9,7
2147,4/17/2025,4,2,4
2148,12/2/2025,2,6,6
2149,10/30/2025,4,9,6
2150,4/27/2025,1,2,2
2151,5/4/2025,4,2,7
2152,10/8/2025,5,5,5
2153,10/19/2025,5,10,7
2154,7/22/2025,4,10,3
2155,2/20/2025,5,10,6
2156,9/28/2025,2,8,2
2157,11/20/2025,6,9,2
2158,10/4/2025,4,2,5
2159,5/21/2025,2,5,5
2160,10/2/2025,6,7,5
2161,10/17/2025,6,6,3
2162,11/30/2025,2,6,2
2163,2/21/2025,3,7,4
2164,1/27/2025,4,3,3
2165,6/6/2025,6,3,1
2166,8/27/2025,6,10,6
2167,6/5/2025,5,9,5
2168,10/18/2025,6,8,2
2169,5/16/2025,2,5,6
2170,5/24/2025,6,6,7
2171,4/16/2025,3,10,3
2172,6/7/2025,4,1,1
2173,5/26/2025,4,10,7
2174,1/2/2025,6,1,3
2175,3/18/2025,1,4,3
2176,5/12/2025,1,2,4
2177,3/31/2025,2,7,6
2178,12/11/2025,1,2,4
2179,12/16/2025,2,10,3
2180,9/20/2025,5,2,1
2181,12/17/2025,2,5,2
2182,4/18/2025,1,4,2
2183,3/15/2025,6,8,7
2184,2/8/2025,5,4,6
2185,6/8/2025,1,6,5
2186,3/12/2025,2,5,5
2187,11/8/2025,3,2,2
2188,8/29/2025,4,8,3
2189,10/25/2025,1,2,3
2190,2/5/2025,2,9,4
2191,3/25/2025,5,9,6
2192,9/20/2025,1,3,4
2193,11/6/2025,1,4,5
2194,6/21/2025,4,8,2
2195,6/22/2025,2,9,7
2196,12/28/2025,3,3,3
2197,2/16/2025,5,5,2
2198,5/21/2025,2,8,1
2199,4/28/2025,5,3,2
2200,10/4/2025,1,7,1
2201,8/2/2025,4,8,4
2202,8/8/2025,4,10,4
2203,1/26/2025,6,3,5
2204,1/9/2025,3,2,2
2205,9/28/2025,4,10,2
2206,1/10/2025,1,7,1
2207,5/1/2025,3,9,4
2208,5/5/2025,2,1,1
2209,6/19/2025,4,3,4
2210,3/13/2025,3,5,1
2211,6/1/2025,1,3,4
2212,7/27/2025,6,1,1
2213,2/18/2025,5,7,7
2214,6/3/2025,5,7,4
2215,12/13/2025,1,10,6
2216,10/20/2025,1,8,1
2217,3/9/2025,5,5,2
2218,2/19/2025,6,10,5
2219,6/1/2025,3,5,6
2220,1/19/2025,5,5,6
2221,4/10/2025,1,1,1
2222,3/1/2025,4,10,5
2223,6/16/2025,2,5,2
2224,7/21/2025,6,6,6
2225,12/11/2025,6,1,2
2226,5/26/2025,4,7,4
2227,6/13/2025,4,1,7
2228,8/30/2025,1,2,5
2229,3/10/2025,5,2,7
2230,6/24/2025,3,5,3
2231,2/18/2025,6,10,4
2232,4/18/2025,6,7,5
2233,8/14/2025,4,1,1
2234,6/10/2025,5,10,7
2235,4/29/2025,6,1,1
2236,5/29/2025,3,1,2
2237,5/30/2025,4,6,6
2238,10/20/2025,3,2,7
2239,5/23/2025,5,1,3
2240,6/9/2025,6,6,1
2241,1/11/2025,2,2,5
2242,5/18/2025,6,6,7
2243,3/19/2025,5,10,7
2244,3/18/2025,6,8,6
2245,9/11/2025,6,2,6
2246,9/15/2025,1,9,5
2247,11/16/2025,6,8,6
2248,10/18/2025,6,10,1
2249,9/20/2025,3,1,5
2250,3/26/2025,2,7,5
2251,5/26/2025,3,10,2
2252,11/19/2025,3,6,3
2253,2/11/2025,4,6,7
2254,5/5/2025,1,6,2
2255,6/16/2025,3,6,3
2256,8/29/2025,5,10,5
2257,10/7/2025,5,7,7
2258,7/7/2025,6,3,6
2259,10/29/2025,4,6,3
2260,1/19/2025,1,3,5
2261,3/9/2025,1,7,5
2262,8/6/2025,6,7,2
2263,4/12/2025,5,8,2
2264,2/11/2025,2,2,6
2265,10/15/2025,4,9,4
2266,6/16/2025,6,5,1
2267,4/19/2025,4,9,4
2268,2/5/2025,5,10,4
2269,8/20/2025,5,5,7
2270,8/17/2025,2,7,7
2271,12/19/2025,2,9,6
2272,6/13/2025,1,4,7
2273,3/14/2025,4,2,3
2274,5/16/2025,4,9,6
2275,12/19/2025,5,2,6
2276,3/11/2025,1,3,5
2277,7/15/2025,6,10,5
2278,9/26/2025,4,2,5
2279,2/18/2025,1,3,1
2280,11/12/2025,1,6,3
2281,5/10/2025,5,3,3
2282,1/5/2025,1,10,5
2283,1/27/2025,2,8,4
2284,6/9/2025,2,6,1
2285,5/29/2025,3,7,4
2286,9/21/2025,5,1,2
2287,8/18/2025,6,3,3
2288,7/19/2025,3,3,3
2289,2/19/2025,2,2,4
2290,3/8/2025,3,7,1
2291,10/27/2025,5,9,3
2292,2/27/2025,5,4,4
2293,9/16/2025,1,5,6
2294,12/8/2025,4,3,6
2295,11/22/2025,1,9,7
2296,5/10/2025,5,4,1
2297,8/3/2025,2,5,4
2298,6/21/2025,6,1,7
2299,9/15/2025,2,2,6
2300,4/12/2025,1,9,1
2301,7/28/2025,6,2,7
2302,10/18/2025,5,5,5
2303,12/20/2025,2,8,1
2304,10/13/2025,5,3,2
2305,4/26/2025,6,6,5
2306,9/21/2025,6,4,7
2307,5/30/2025,2,7,4
2308,10/27/2025,5,10,5
2309,2/5/2025,3,3,5
2310,11/29/2025,5,6,7
2311,10/14/2025,6,10,4
2312,10/30/2025,5,9,4
2313,11/7/2025,1,10,6
2314,7/27/2025,3,1,2
2315,4/16/2025,4,3,4
2316,6/7/2025,1,2,3
2317,5/1/2025,4,8,3
2318,2/24/2025,2,7,2
2319,1/12/2025,4,2,1
2320,5/25/2025,5,6,7
2321,5/16/2025,4,3,1
2322,1/3/2025,6,8,3
2323,5/24/2025,1,10,4
2324,1/30/2025,1,3,2
2325,8/25/2025,4,10,1
2326,10/6/2025,1,9,1
2327,12/14/2025,6,1,7
2328,4/25/2025,1,5,5
2329,4/14/2025,4,3,3
2330,4/28/2025,3,6,4
2331,1/5/2025,3,10,2
2332,12/26/2025,2,2,1
2333,9/5/2025,1,9,7
2334,12/30/2025,4,6,5
2335,11/17/2025,1,7,3
2336,5/1/2025,5,5,3
2337,10/13/2025,6,9,7
2338,5/29/2025,1,1,2
2339,3/25/2025,1,5,1
2340,8/19/2025,3,10,2
2341,10/15/2025,6,6,7
2342,6/10/2025,4,7,7
2343,9/29/2025,1,4,2
2344,2/7/2025,3,1,6
2345,8/14/2025,2,8,5
2346,5/22/2025,6,10,3
2347,10/19/2025,3,4,6
2348,5/31/2025,3,3,4
2349,4/24/2025,3,7,3
2350,8/25/2025,1,2,3
2351,3/7/2025,1,8,5
2352,12/27/2025,2,6,4
2353,12/7/2025,5,7,1
2354,9/15/2025,5,5,4
2355,9/6/2025,5,9,1
2356,11/27/2025,6,5,4
2357,11/19/2025,6,5,2
2358,6/29/2025,2,3,7
2359,7/9/2025,6,1,4
2360,6/3/2025,5,2,6
2361,7/15/2025,5,8,6
2362,11/7/2025,3,1,5
2363,9/19/2025,6,7,7
2364,5/23/2025,1,5,7
2365,12/8/2025,1,3,1
2366,11/12/2025,3,7,3
2367,4/11/2025,3,9,5
2368,9/1/2025,3,2,6
2369,1/12/2025,1,8,6
2370,8/27/2025,5,9,1
2371,2/18/2025,3,3,6
2372,2/11/2025,2,2,6
2373,6/15/2025,3,7,1
2374,3/23/2025,4,5,6
2375,10/18/2025,3,5,3
2376,6/7/2025,1,10,2
2377,8/4/2025,6,5,5
2378,6/7/2025,3,4,3
2379,5/14/2025,6,5,3
2380,3/8/2025,4,4,2
2381,12/2/2025,2,6,7
2382,1/7/2025,6,4,5
2383,1/14/2025,5,2,3
2384,3/14/2025,3,9,6
2385,6/12/2025,4,2,2
2386,3/7/2025,4,9,7
2387,12/13/2025,6,10,5
2388,5/10/2025,2,6,4
2389,7/25/2025,1,9,1
2390,10/3/2025,3,9,6
2391,9/13/2025,4,3,2
2392,9/23/2025,2,1,1
2393,1/25/2025,5,1,7
2394,10/8/2025,4,3,7
2395,9/10/2025,2,5,4
2396,11/6/2025,1,3,3
2397,10/16/2025,1,9,3
2398,6/13/2025,4,9,5
2399,4/5/2025,4,3,2
2400,9/27/2025,6,3,2
2401,11/17/2025,3,5,7
2402,4/20/2025,2,2,5
2403,12/2/2025,4,6,1
2404,11/6/2025,3,7,3
2405,8/26/2025,6,9,3
2406,1/25/2025,3,6,7
2407,5/21/2025,4,3,2
2408,4/27/2025,1,5,7
2409,1/25/2025,2,4,2
2410,3/20/2025,2,5,5
2411,3/9/2025,1,8,4
2412,6/22/2025,4,8,1
2413,1/12/2025,2,6,6
2414,10/15/2025,4,1,4
2415,5/8/2025,6,8,4
2416,4/6/2025,4,8,2
2417,4/2/2025,3,2,2
2418,5/21/2025,1,4,2
2419,1/31/2025,4,2,4
2420,11/30/2025,6,4,7
2421,1/20/2025,5,10,1
2422,5/26/2025,1,7,7
2423,11/12/2025,2,9,2
2424,6/9/2025,3,8,3
2425,12/15/2025,2,9,7
2426,2/12/2025,6,8,1
2427,9/11/2025,6,2,3
2428,5/10/2025,2,7,1
2429,3/1/2025,1,2,2
2430,5/31/2025,2,2,7
2431,10/14/2025,4,4,6
2432,1/5/2025,2,1,5
2433,9/23/2025,3,5,2
2434,12/11/2025,3,6,4
2435,5/10/2025,5,9,6
2436,9/24/2025,3,10,4
2437,6/27/2025,2,8,1
2438,9/10/2025,3,2,4
2439,2/25/2025,1,1,6
2440,3/24/2025,3,2,6
2441,4/9/2025,4,7,2
2442,5/29/2025,1,4,3
2443,11/25/2025,5,10,2
2444,6/5/2025,4,5,1
2445,7/9/2025,2,7,4
2446,9/20/2025,2,3,3
2447,3/21/2025,2,10,7
2448,9/9/2025,4,2,5
2449,4/7/2025,4,7,6
2450,9/17/2025,4,5,3
2451,9/17/2025,1,1,7
2452,4/13/2025,6,1,3
2453,2/9/2025,1,9,2
2454,9/30/2025,2,5,7
2455,4/11/2025,6,1,5
2456,12/25/2025,3,7,6
2457,11/4/2025,2,9,1
2458,8/9/2025,5,1,1
2459,11/4/2025,1,10,3
2460,5/4/2025,4,4,7
2461,8/19/2025,1,3,3
2462,6/27/2025,4,5,4
2463,3/4/2025,6,7,5
2464,4/26/2025,5,8,6
2465,7/10/2025,6,2,3
2466,3/3/2025,5,7,4
2467,9/13/2025,1,1,7
2468,1/7/2025,4,7,5
2469,6/4/2025,6,8,6
2470,4/2/2025,5,2,1
2471,1/14/2025,2,9,4
2472,8/17/2025,2,1,7
2473,3/27/2025,6,6,5
2474,5/13/2025,4,1,4
2475,7/2/2025,6,3,3
2476,3/3/2025,1,6,2
2477,8/7/2025,5,3,1
2478,9/3/2025,1,8,3
2479,8/18/2025,2,5,3
2480,3/20/2025,5,2,7
2481,5/29/2025,6,4,7
2482,5/18/2025,1,9,5
2483,11/10/2025,3,4,7
2484,3/6/2025,4,10,4
2485,1/13/2025,4,10,1
2486,8/1/2025,3,8,3
2487,8/30/2025,2,5,5
2488,8/1/2025,5,10,1
2489,6/30/2025,4,1,7
2490,12/4/2025,3,7,7
2491,6/22/2025,6,3,4
2492,6/9/2025,3,10,7
2493,6/13/2025,2,8,3
2494,7/7/2025,2,3,6
2495,7/10/2025,1,1,3
2496,11/4/2025,4,5,3
2497,9/13/2025,1,2,7
2498,7/2/2025,3,4,1
2499,4/27/2025,5,1,7
2500,10/9/2025,5,9,1
2501,7/15/2025,2,6,1
2502,2/3/2025,5,8,1
2503,2/21/2025,5,4,5
2504,4/22/2025,5,9,2
2505,9/9/2025,3,2,7
2506,3/23/2025,5,9,5
2507,8/20/2025,6,5,3
2508,8/15/2025,5,6,5
2509,8/21/2025,5,3,4
2510,8/9/2025,1,4,6
2511,2/11/2025,3,6,1
2512,1/21/2025,2,7,7
2513,2/11/2025,1,1,4
2514,4/23/2025,4,7,7
2515,4/15/2025,3,1,6
2516,7/11/2025,6,5,4
2517,1/17/2025,3,6,7
2518,4/30/2025,4,2,3
2519,5/9/2025,4,10,1
2520,5/10/2025,4,9,4
2521,3/1/2025,2,10,3
2522,2/17/2025,5,6,1
2523,1/29/2025,3,7,2
2524,4/7/2025,5,10,3
2525,1/10/2025,5,8,5
2526,8/30/2025,6,10,7
2527,11/10/2025,4,1,1
2528,8/20/2025,2,8,4
2529,10/4/2025,6,4,6
2530,10/11/2025,1,10,4
2531,7/22/2025,2,8,5
2532,9/4/2025,5,6,7
2533,10/17/2025,2,9,5
2534,9/21/2025,4,4,4
2535,8/2/2025,1,2,7
2536,7/19/2025,4,2,6
2537,3/20/2025,1,5,1
2538,12/9/2025,6,10,7
2539,12/10/2025,5,9,3
2540,6/22/2025,1,3,7
2541,3/10/2025,1,8,5
2542,3/28/2025,1,4,5
2543,4/11/2025,2,6,5
2544,1/8/2025,6,10,6
2545,11/29/2025,2,6,7
2546,7/19/2025,5,3,7
2547,3/28/2025,1,5,2
2548,2/12/2025,6,3,6
2549,4/19/2025,6,1,1
2550,6/1/2025,3,7,1
2551,1/17/2025,5,4,1
2552,5/13/2025,6,7,1
2553,5/28/2025,1,3,1
2554,10/4/2025,1,5,4
2555,8/20/2025,6,5,5
2556,11/10/2025,2,2,6
2557,8/16/2025,5,10,4
2558,5/19/2025,1,2,6
2559,7/30/2025,6,4,2
2560,1/28/2025,1,4,7
2561,2/20/2025,6,4,3
2562,9/18/2025,5,6,5
2563,9/18/2025,6,2,2
2564,12/16/2025,3,6,4
2565,12/18/2025,6,7,3
2566,1/8/2025,6,10,7
2567,11/16/2025,5,3,2
2568,5/18/2025,6,8,7
2569,2/7/2025,5,2,7
2570,4/21/2025,3,8,6
2571,8/8/2025,5,5,3
2572,12/3/2025,1,2,6
2573,8/11/2025,5,7,7
2574,5/16/2025,3,2,2
2575,9/13/2025,4,6,7
2576,12/26/2025,6,10,4
2577,11/25/2025,5,3,7
2578,2/18/2025,6,9,6
2579,10/19/2025,2,3,3
2580,11/20/2025,1,3,2
2581,3/19/2025,1,5,6
2582,4/15/2025,2,7,7
2583,6/18/2025,2,8,4
2584,8/5/2025,5,7,5
2585,4/29/2025,2,9,4
2586,7/9/2025,4,5,7
2587,9/12/2025,6,10,4
2588,9/23/2025,6,3,5
2589,5/29/2025,3,6,4
2590,6/13/2025,2,5,5
2591,5/20/2025,2,4,7
2592,12/13/2025,4,2,5
2593,9/15/2025,1,7,6
2594,9/26/2025,1,5,6
2595,6/30/2025,6,4,5
2596,6/9/2025,6,8,2
2597,12/17/2025,5,9,3
2598,10/15/2025,4,9,2
2599,10/15/2025,3,3,5
2600,8/14/2025,3,3,3
2601,1/11/2025,4,5,6
2602,1/10/2025,3,5,3
2603,9/28/2025,1,10,5
2604,9/30/2025,3,2,6
2605,7/2/2025,3,1,3
2606,6/2/2025,4,8,3
2607,11/11/2025,4,3,2
2608,11/30/2025,3,1,3
2609,5/4/2025,2,1,7
2610,4/24/2025,4,2,5
2611,10/5/2025,5,6,1
2612,8/1/2025,5,6,1
2613,6/21/2025,1,3,1
2614,10/15/2025,3,4,5
2615,6/23/2025,2,2,1
2616,4/23/2025,1,2,2
2617,5/2/2025,3,7,5
2618,2/1/2025,4,1,7
2619,8/10/2025,5,7,6
2620,4/29/2025,6,1,7
2621,2/8/2025,2,6,5
2622,9/25/2025,6,3,5
2623,8/21/2025,5,8,3
2624,1/18/2025,6,6,3
2625,5/29/2025,4,2,3
2626,5/29/2025,3,8,4
2627,5/6/2025,4,5,2
2628,10/29/2025,6,8,5
2629,12/26/2025,4,8,7
2630,8/26/2025,5,6,5
2631,5/15/2025,2,2,3
2632,5/31/2025,4,8,5
2633,8/24/2025,5,6,6
2634,8/12/2025,2,6,5
2635,7/22/2025,3,8,7
2636,9/13/2025,6,1,1
2637,3/27/2025,3,2,6
2638,5/30/2025,1,9,6
2639,8/23/2025,5,8,5
2640,12/11/2025,2,7,4
2641,1/22/2025,4,7,3
2642,12/14/2025,3,5,2
2643,10/12/2025,2,2,2
2644,9/26/2025,5,6,1
2645,9/15/2025,1,10,2
2646,1/29/2025,3,3,2
2647,8/1/2025,6,4,3
2648,10/10/2025,2,10,3
2649,2/19/2025,6,2,4
2650,4/5/2025,2,2,7
2651,3/29/2025,2,8,1
2652,2/13/2025,5,8,2
2653,10/5/2025,5,10,4
2654,6/20/2025,5,6,1
2655,7/8/2025,4,5,6
2656,12/19/2025,2,8,2
2657,7/3/2025,3,4,2
2658,1/3/2025,6,4,3
2659,7/10/2025,5,5,5
2660,4/28/2025,5,1,1
2661,1/19/2025,6,1,2
2662,1/23/2025,6,2,1
2663,1/30/2025,2,8,7
2664,10/22/2025,5,7,4
2665,4/18/2025,6,10,4
2666,10/8/2025,4,9,5
2667,5/8/2025,4,5,2
2668,8/17/2025,5,2,7
2669,4/21/2025,6,7,3
2670,5/16/2025,2,8,2
2671,12/28/2025,2,7,1
2672,7/5/2025,2,7,6
2673,5/24/2025,1,5,4
2674,3/13/2025,5,2,1
2675,5/9/2025,2,6,5
2676,12/30/2025,4,4,4
2677,9/18/2025,6,10,3
2678,1/3/2025,3,2,4
2679,4/14/2025,3,9,6
2680,8/12/2025,2,7,7
2681,11/16/2025,3,6,2
2682,12/28/2025,3,5,6
2683,12/20/2025,1,3,7
2684,1/10/2025,4,10,6
2685,10/29/2025,4,10,2
2686,8/19/2025,1,4,4
2687,8/7/2025,1,3,5
2688,3/7/2025,3,8,2
2689,4/22/2025,5,3,2
2690,1/13/2025,6,7,7
2691,3/27/2025,6,7,3
2692,8/22/2025,3,7,4
2693,3/31/2025,6,7,2
2694,11/10/2025,1,2,5
2695,2/23/2025,4,10,1
2696,1/12/2025,6,3,4
2697,7/28/2025,3,10,3
2698,1/14/2025,5,9,6
2699,5/1/2025,3,3,2
2700,1/20/2025,2,2,5
2701,3/16/2025,3,9,4
2702,8/31/2025,1,10,5
2703,8/11/2025,4,9,5
2704,3/11/2025,4,4,7
2705,11/8/2025,6,9,6
2706,7/30/2025,1,3,3
2707,4/11/2025,2,7,4
2708,7/5/2025,1,7,2
2709,5/12/2025,3,8,3
2710,4/21/2025,1,10,2
2711,5/12/2025,1,4,1
2712,1/20/2025,2,3,5
2713,1/24/2025,3,3,1
2714,8/15/2025,5,5,7
2715,6/3/2025,5,1,5
2716,10/20/2025,4,10,6
2717,8/18/2025,6,3,3
2718,11/6/2025,1,6,2
2719,12/25/2025,4,3,7
2720,7/21/2025,2,5,6
2721,2/7/2025,5,9,2
2722,9/17/2025,1,2,3
2723,7/7/2025,2,2,4
2724,2/26/2025,6,6,7
2725,1/20/2025,2,6,1
2726,9/30/2025,1,8,1
2727,4/29/2025,6,2,2
2728,3/12/2025,2,9,2
2729,1/4/2025,6,2,2
2730,8/9/2025,1,1,7
2731,1/14/2025,1,10,3
2732,1/3/2025,6,2,4
2733,8/4/2025,3,7,1
2734,8/17/2025,4,8,6
2735,12/2/2025,2,5,5
2736,7/5/2025,2,6,7
2737,2/24/2025,3,1,7
2738,9/11/2025,3,6,3
2739,1/24/2025,3,8,1
2740,6/11/2025,5,3,4
2741,6/7/2025,5,1,3
2742,3/23/2025,6,4,6
2743,6/8/2025,5,1,1
2744,7/7/2025,1,8,3
2745,3/1/2025,6,5,1
2746,11/1/2025,2,1,1
2747,11/15/2025,4,8,7
2748,7/30/2025,1,9,4
2749,6/1/2025,2,10,7
2750,4/19/2025,2,2,5
2751,3/17/2025,6,9,4
2752,1/30/2025,3,8,1
2753,11/10/2025,3,7,3
2754,4/27/2025,1,3,6
2755,12/22/2025,3,2,4
2756,7/11/2025,2,7,5
2757,1/19/2025,3,5,1
2758,6/22/2025,5,6,6
2759,8/16/2025,3,4,4
2760,12/16/2025,2,2,7
2761,7/2/2025,6,9,7
2762,4/23/2025,1,3,4
2763,7/2/2025,4,7,4
2764,5/26/2025,3,8,4
2765,11/15/2025,2,2,6
2766,4/26/2025,4,6,7
2767,4/23/2025,4,8,3
2768,9/8/2025,5,7,5
2769,9/8/2025,4,3,5
2770,10/30/2025,6,1,1
2771,11/9/2025,2,6,2
2772,4/28/2025,2,8,3
2773,10/28/2025,3,6,7
2774,6/10/2025,3,5,1
2775,7/17/2025,3,8,1
2776,9/17/2025,6,2,4
2777,5/28/2025,4,1,2
2778,8/28/2025,4,1,7
2779,2/16/2025,5,4,2
2780,7/17/2025,6,6,3
2781,2/16/2025,3,9,2
2782,3/19/2025,1,1,1
2783,5/4/2025,5,1,2
2784,3/16/2025,1,5,2
2785,12/25/2025,4,10,5
2786,5/17/2025,5,5,7
2787,3/31/2025,5,5,7
2788,11/21/2025,2,10,1
2789,3/2/2025,4,6,6
2790,5/18/2025,4,8,2
2791,2/19/2025,6,3,2
2792,9/16/2025,5,9,4
2793,4/17/2025,4,1,7
2794,4/23/2025,5,4,2
2795,12/16/2025,6,9,7
2796,9/11/2025,6,8,2
2797,4/28/2025,2,10,5
2798,7/17/2025,5,9,1
2799,12/3/2025,4,1,7
2800,12/31/2025,4,9,3
2801,2/20/2025,5,3,1
2802,9/2/2025,5,10,4
2803,2/4/2025,5,9,1
2804,10/29/2025,3,1,2
2805,3/10/2025,4,1,4
2806,12/15/2025,6,9,1
2807,11/16/2025,4,6,4
2808,2/18/2025,3,4,3
2809,3/15/2025,5,7,1
2810,7/11/2025,2,5,7
2811,9/18/2025,5,10,7
2812,12/22/2025,5,7,6
2813,3/11/2025,3,8,2
2814,3/31/2025,4,8,4
2815,9/17/2025,5,1,6
2816,5/6/2025,4,8,6
2817,8/19/2025,1,6,5
2818,10/22/2025,6,4,4
2819,5/9/2025,4,8,6
2820,10/7/2025,2,3,5
2821,11/9/2025,6,4,6
2822,4/10/2025,2,6,2
2823,11/22/2025,5,7,3
2824,10/24/2025,6,4,5
2825,7/1/2025,4,4,3
2826,6/23/2025,6,7,4
2827,11/12/2025,5,6,2
2828,12/30/2025,3,8,5
2829,7/7/2025,2,1,4
2830,2/26/2025,5,10,6
2831,1/31/2025,3,7,7
2832,3/25/2025,6,7,1
2833,6/1/2025,6,7,4
2834,2/5/2025,5,7,3
2835,8/1/2025,4,10,2
2836,12/30/2025,6,10,2
2837,4/16/2025,4,8,4
2838,12/8/2025,4,9,6
2839,8/8/2025,4,9,1
2840,6/12/2025,1,2,3
2841,8/8/2025,3,7,4
2842,9/27/2025,3,7,4
2843,4/30/2025,6,4,7
2844,12/2/2025,6,9,2
2845,7/1/2025,4,8,3
2846,4/16/2025,1,1,1
2847,8/5/2025,4,2,2
2848,7/24/2025,1,2,4
2849,3/11/2025,4,8,2
2850,2/13/2025,2,1,2
2851,11/25/2025,2,4,5
2852,10/28/2025,5,10,2
2853,8/16/2025,4,5,6
2854,7/3/2025,6,9,2
2855,4/17/2025,3,7,6
2856,3/25/2025,5,8,3
2857,12/4/2025,6,9,2
2858,9/7/2025,2,7,1
2859,12/29/2025,4,5,6
2860,1/21/2025,5,5,6
2861,7/15/2025,4,10,4
2862,6/27/2025,2,6,3
2863,1/7/2025,5,5,2
2864,3/11/2025,2,9,7
2865,5/7/2025,1,3,1
2866,6/9/2025,2,3,4
2867,9/5/2025,4,7,3
2868,7/22/2025,3,7,6
2869,5/28/2025,2,6,1
2870,5/23/2025,6,3,2
2871,7/18/2025,3,7,7
2872,6/3/2025,1,5,5
2873,5/22/2025,5,7,5
2874,11/9/2025,5,2,3
2875,6/14/2025,3,6,7
2876,11/10/2025,5,8,1
2877,1/21/2025,2,1,4
2878,3/23/2025,3,4,1
2879,3/10/2025,4,1,7
2880,5/11/2025,2,1,6
2881,3/28/2025,2,10,5
2882,8/6/2025,2,8,3
2883,11/1/2025,4,7,2
2884,12/11/2025,1,10,1
2885,12/7/2025,6,1,5
2886,6/10/2025,5,2,4
2887,6/27/2025,3,4,3
2888,4/27/2025,1,1,2
2889,7/15/2025,3,3,1
2890,11/23/2025,5,8,4
2891,3/27/2025,4,8,2
2892,10/16/2025,2,8,6
2893,3/22/2025,2,6,5
2894,6/1/2025,4,6,6
2895,3/2/2025,1,5,5
2896,3/2/2025,1,9,4
2897,12/20/2025,3,4,6
2898,1/28/2025,4,10,5
2899,2/12/2025,1,7,3
2900,6/18/2025,4,1,4
2901,3/27/2025,5,9,5
2902,6/26/2025,2,7,1
2903,1/17/2025,2,10,5
2904,4/8/2025,2,9,6
2905,7/17/2025,4,7,3
2906,4/8/2025,4,2,2
2907,3/6/2025,3,6,2
2908,11/26/2025,2,10,5
2909,12/7/2025,3,4,2
2910,1/5/2025,2,3,5
2911,1/2/2025,3,2,3
2912,1/22/2025,3,6,2
2913,4/22/2025,5,8,6
2914,2/26/2025,3,6,6
2915,3/7/2025,4,9,1
2916,11/26/2025,3,5,5
2917,4/8/2025,2,2,2
2918,5/24/2025,3,8,6
2919,5/5/2025,1,9,7
2920,6/16/2025,6,10,3
2921,3/27/2025,2,4,3
2922,3/17/2025,1,6,7
2923,12/10/2025,2,10,7
2924,10/21/2025,4,8,1
2925,2/28/2025,6,9,3
2926,5/18/2025,6,5,3
2927,4/9/2025,4,6,2
2928,7/11/2025,6,4,5
2929,8/31/2025,4,5,4
2930,11/15/2025,1,7,3
2931,2/18/2025,5,9,3
2932,2/1/2025,2,10,4
2933,10/4/2025,4,6,3
2934,1/20/2025,2,6,2
2935,6/3/2025,1,8,2
2936,3/9/2025,5,4,4
2937,8/2/2025,1,3,6
2938,5/23/2025,6,7,3
2939,8/20/2025,2,5,6
2940,8/1/2025,5,2,3
2941,3/20/2025,6,2,5
2942,8/2/2025,5,6,3
2943,4/26/2025,6,8,2
2944,4/2/2025,1,1,1
2945,9/27/2025,4,6,7
2946,6/17/2025,2,2,1
2947,2/27/2025,3,2,1
2948,10/11/2025,3,7,1
2949,1/26/2025,1,10,7
2950,3/7/2025,2,1,6
2951,9/5/2025,2,6,7
2952,9/11/2025,1,7,6
2953,2/13/2025,2,8,7
2954,4/7/2025,4,7,7
2955,2/11/2025,1,6,3
2956,8/15/2025,4,9,6
2957,9/19/2025,2,3,3
2958,6/16/2025,1,6,5
2959,10/6/2025,2,4,3
2960,3/30/2025,1,2,1
2961,6/27/2025,2,1,4
2962,7/16/2025,4,1,4
2963,11/3/2025,4,10,2
2964,9/24/2025,2,3,2
2965,9/25/2025,1,4,3
2966,3/15/2025,3,2,7
2967,1/8/2025,4,1,7
2968,10/24/2025,4,4,4
2969,6/13/2025,6,7,1
2970,3/26/2025,3,10,6
2971,3/13/2025,2,6,1
2972,2/24/2025,1,6,1
2973,2/16/2025,6,9,3
2974,8/26/2025,2,2,3
2975,4/14/2025,5,4,5
2976,7/29/2025,4,5,1
2977,2/11/2025,5,1,7
2978,11/12/2025,4,8,7
2979,9/25/2025,4,8,1
2980,9/20/2025,5,6,3
2981,12/2/2025,5,5,3
2982,12/31/2025,2,8,5
2983,9/16/2025,6,3,5
2984,10/10/2025,6,3,2
2985,4/24/2025,5,2,4
2986,12/29/2025,2,5,1
2987,2/9/2025,6,3,7
2988,8/8/2025,2,3,1
2989,5/9/2025,2,6,5
2990,1/8/2025,4,8,5
2991,4/11/2025,6,2,2
2992,6/25/2025,6,4,4
2993,4/17/2025,4,7,2
2994,4/11/2025,5,1,7
2995,9/17/2025,4,1,4
2996,9/3/2025,6,10,6
2997,10/2/2025,6,7,1
2998,2/1/2025,5,7,2
2999,5/17/2025,4,1,5
3000,1/12/2025,1,1,2
